videoId,title,publishedAt,channelTitle
RjSy0kJz0zg,ë“œë””ì–´ ì •ìƒí™” ëœ ì•„ì´í°17 #apple #ì•„ì´í°17 #ì•„ì´í° #shorts,2025-09-12 05:41:38+00:00,ì‚´ë˜ë§ë˜
JmuG7cWzpaw,World&#39;s Strongest Man vs Apple! ğŸ #apple,2025-09-12 05:06:47+00:00,MR Prince garg 
QVJ7FgAD4r8,Apple iPhone 17 Series 2025 | New Bunny Case | iPhone Temper Glass #apple #iPhone,2025-09-12 02:56:13+00:00,its mskv
1rx2dLaSyB8,IPHONE 17 PRO VS IPHONE 17 specs #apple #iphone17,2025-09-12 02:17:57+00:00,Denis Disdis
mIuorKhGZL8,Unboxing iPhone 17 Pro #iphone17 #iphone13promax #iphone #iphone17pro #apple #shorts #unboxing,2025-09-12 01:46:04+00:00,Naaz Rahimi
39h9t014Z9s,CaracterÃ­sticas del nuevo iPhone Air #tech #apple #iphoneair #ios26 #tecnologÃ­a,2025-09-11 23:30:03+00:00,Eliot Rengel
_szPy5y6je0,Unboxing ğŸ“¦ iPhone Air Apple Cases and Battery #iphone #iphoneair #cases #battery #apple #shorts #yt,2025-09-11 23:01:57+00:00,Simply Review Gaming
Kxsp2n3bGEE,CaracterÃ­sticas del iPhone 17 #tech #apple #iphone #ios26 #tecnologÃ­a,2025-09-11 21:35:43+00:00,Eliot Rengel
s0cGT2yYORs,Naast de iPhone 17 kondigde Apple deze week ook deze dingen aan ğŸ‘€ #apple #airpods #applewatch,2025-09-11 20:20:02+00:00,Make That Mark
xDOU6ioZkdM,"Diese 10 Dinge hat uns Apple NICHT gesagt - iPhone Air, 17 Pro, Series 11, Ultra 3, AirPods Pro 3...",2025-09-11 18:25:40+00:00,Apfelwelt
LZl1fXuDPMw,Apple enciende la polÃ©mica ya que este 2025 habrÃ¡ 2 TIPOS de iPhone 17 Pro Max!!! Por quÃ©?,2025-09-11 17:26:16+00:00,Coleccionista Minos
BUdWKVLc4tQ,Iphone 17/Air/Pro || A new improved iphone #apple #smartphone #shorts #iphone17,2025-09-11 16:54:53+00:00,TECHY PECKY
KK-TkIKN3ss,iPhone 17 ProğŸ˜ #apple #smartphone #iphone #iphone17,2025-09-11 15:49:58+00:00,YSTORE ï£¿
ajdTF-BLQ4U,Curtiram os novos Apple Watch Series 11?!   âŒšï¸ğŸ¬#Apple #LanÃ§amento #AppleWatch #Tecnologia,2025-09-11 15:47:28+00:00,Be!Tech
nqzwRmVK1G0,O novo iPhone 17 Pro Max #iphone #apple #lanÃ§amento,2025-09-11 14:48:25+00:00,AmarildoMz Antonio8
rou3th586yA,Apple iPhone 17 Launch QUICK LOOK! #apple #iphone17 #smartphone #unboxing #reviewspk,2025-09-11 14:45:21+00:00,ReviewsPK
NlYZht0grR4,Ğ§Ñ‚Ğ¾ Apple Ğ¿Ğ¾ĞºĞ°Ğ·Ğ°Ğ»Ğ¸ Ğ½Ğ° Ğ½Ğ¾Ğ²Ğ¾Ğ¹ Ğ¿Ñ€ĞµĞ·ĞµĞ½Ñ‚Ğ°Ñ†Ğ¸Ğ¸?,2025-09-11 14:44:58+00:00,DuckLuck
cQ5QxDUie3k,iPhone-ok 100.000 forint alatt ğŸ“²âœ… #apple #showme #iphone #iphone12 #iphone12mini #iphone11,2025-09-11 14:11:00+00:00,ShowMe
6vzNwRE0tNg,Apple Airpods Pro 3 Kay New Features! #airpods #earbuds #apple #olx,2025-09-11 14:01:22+00:00,OLX Pakistan
nnk0nRs7U9s,"apple Iphone 17 series New arrival in city choice bur Dubai I phone 17,17 air, 17 pro,17pro max",2025-09-11 13:31:24+00:00,City Choice Bur Dubai
cd8MPcDuzv0,âŒApple Ğ²Ñ‹Ğ¿ÑƒÑÑ‚Ğ¸Ğ»Ğ° ĞĞšĞ¡Ğ•Ğ¡Ğ¡Ğ£ĞĞ  ĞŸĞ ĞĞ¢Ğ˜Ğ’ Ğ’ĞĞ ĞğŸ˜¡,2025-09-11 13:04:56+00:00,Pedant.ru
PIoJxHDUG2E,â€‹#iPhone17Pro #Apple #TechReview #iPhone17 #AppleEvent #Smartphone #NewiPhone #Review #Tech,2025-09-11 13:02:19+00:00,Luocraft
u8fmOrXxYpQ,would you buy the new iPhone 17 pro? #Apple,2025-09-11 13:03:47+00:00,"Eylul Talks - Facts Unlocked
"
mDzdS7l4s8E,Samsung se burla de Apple,2025-09-11 13:01:38+00:00,Isa Marcial
GuanOpnZDj4,#iphone17 #iPhone #apple #ã‚¬ã‚¸ã‚§ãƒƒãƒˆ #ã‚¹ãƒãƒ› #shorts,2025-09-11 12:00:26+00:00,ã‚†ãƒ¼ã‚ã‚“
A7RKCrq0Ud0,MacBook Pro M1 Pro Chip ğŸ”¥ | Mac n Pro #m1prochip #apple,2025-09-11 11:49:19+00:00,Mac & Pro
mRGTbK-WAEA,Apple iphone 17 pro max || durability test || teardown,2025-09-11 11:47:08+00:00,Fahad K Vlogs
lDBiLLJa3yk,MacBook Air M4 Sky Blue ğŸ’™ Hands-On Sleek 13â€ Apple Laptop 2025,2025-09-11 11:03:57+00:00,Mehar Usman Tech
mJyQ8VUOPbM,I wear new Apple AirPods Pro 3 ğŸ§ with list of HUGE upgrades ğŸ #appleevent #iphone #apple #airpods,2025-09-11 10:40:20+00:00,Sean On Tech
Wz3qvAlh6Qg,NEW MODEL FOR APPLE #apple#iphone#india @Icare_plus,2025-09-11 10:22:25+00:00,Icare plus 
AHRtHnfn6jw,DÃ©couvrez lâ€™iPhone Air ğŸª¶#iphoneAir #iphone17 #apple #smartphone,2025-09-11 10:09:57+00:00,Evan Tech
MAap69pnOxI,O iPhone AIR CHEGOU! Muitas novidades nesse novo modelo da Apple! #iphone #apple #novidade #tech,2025-09-11 09:56:14+00:00,Roberto - rbr store
vYiwxDlp-AY,3å¹´ã¶ã‚Šã«ç™»å ´ã€AirPods Pro 3 #apple #iphone17 #iphoneair #airpodspro #airpodspro3,2025-09-11 09:01:32+00:00,Yusuke Okawa å¤§å·å„ªä»‹
WyXPjE4q4JA,iPhone 17 : Apple se moque encore de nous !!!,2025-09-11 08:27:23+00:00,Meta Perso
CS34iMn4MvM,Appleæ–°è£½å“ç™ºè¡¨#iPhone #Apple,2025-09-11 08:00:13+00:00,ã·ã‚ã·ã‚ TikTokÃ—å‰¯æ¥­
EoHZTSGVwGk,Co novÃ©ho umÃ­ Apple Airpods Pro 3? #apple #preview,2025-09-11 07:39:00+00:00,AlzaTech
jeZakWOvtmY,è˜‹æœæ–°æ©Ÿå…­ç‰¹è‰² æŠ˜ç–Šã€AIç­‰æ˜å¹´ #iphone17  #è˜‹æœ  #apple  #å°ç©é›»  #3å¥ˆç±³  #é»‘çŸ³è²¡ç¶“æº«å»ºå‹³,2025-09-11 05:35:56+00:00,é»‘çŸ³è²¡ç¶“æº«å»ºå‹³
tCE5NxG7new,Appleâ€™s best marketing yet ğŸ‘€,2025-09-11 05:17:59+00:00,Oysterly Media
TwJmGs4TBso,iPhone 17 à¹ƒà¸™à¸—à¸µà¹ˆà¸ªà¸¸à¸” à¸ˆà¸­120Hz ProMotion à¸à¹‡à¸¡à¸²à¸–à¸¶à¸‡! #Apple #iPhone17,2025-09-11 04:30:30+00:00,Cloud Whisper
kqaXFKUm6jc,Â¿QuÃ© iPhone comprar en 2025 y 2026? #apple #iphone #iphoneair #iphone17,2025-09-11 02:04:19+00:00,IvanchoTech
EGEh7lwvFk8,ã€Apple Watchã€‘ã‚³ã‚¹ãƒ‘æœ€å¼·ã®SE 3ã¨æœ€æ–°ã®Series 11ã‚’æ¯”è¼ƒï¼ã©ã¡ã‚‰ã‚’è²·ã†ã¹ãã‹ï¼ï¼Ÿ,2025-09-11 01:26:09+00:00,ã¾ã¤ã‚Šãã‚“
iVKn3mY6-KA,è¶…çµ¶è‰¯ã„ã€‚AirPods Pro 3&amp;Apple Wacth 11/Ultra3/SE3å…ˆè¡Œãƒ¬ãƒ“ãƒ¥ãƒ¼ï¼ã‚ãŸã‚Šã¯ã©ã‚Œã ï¼ï¼Ÿ,2025-09-11 01:09:09+00:00,AKIYA MOVIE
m9bRXZjyzKo,I wouldnâ€™t buy the iPhone AirğŸ #apple #iphone17air #iphone #technologynews,2025-09-11 00:19:09+00:00,Brandon
U_zYoR85ulk,iPhone 17ã‚·ãƒªãƒ¼ã‚ºç™»å ´ï¼Proã®ãƒ‡ã‚¶ã‚¤ãƒ³ãŒã‚¤ãƒã‚¤ãƒâ€¦ï¼Ÿã€€#apple #iphone17 #iphone17air #iphone17pro #yusukeokawa,2025-09-11 00:06:25+00:00,Yusuke Okawa å¤§å·å„ªä»‹
FT87Le42IFw,"iPhone Air, 17 &amp; Pro ausprobiert: Erfrischend anders!",2025-09-10 21:32:47+00:00,Felixba
wTZDf9Z5w2s,âš¡ï¸ Apple Ğ²Ğ·Ğ¾Ñ€Ğ²Ğ°Ğ»Ğ° Ğ¼Ğ¸Ñ€ Ñ‚ĞµÑ…Ğ½Ğ¾Ğ»Ğ¾Ğ³Ğ¸Ğ¹! ĞšĞ¾Ğ¼Ğ¿Ğ°Ğ½Ğ¸Ñ Ğ²Ñ‹ĞºĞ°Ñ‚Ğ¸Ğ»Ğ° Ñ€ÑĞ´ Ğ½Ğ¾Ğ²Ğ¸Ğ½Ğ¾Ğº. #Ğ³Ğ°Ğ´Ğ¶ĞµÑ‚Ñ‹ #apple #applewatch #iphone,2025-09-10 21:24:43+00:00,Best
I5OyBo465cU,Ø·Ø±Ø² ØªÙ‡ÛŒÙ‡â€ŒÛŒ Ø¢ÛŒÙÙˆÙ† Û±Û· Ù¾Ø±Ùˆ #Ø¢ÛŒÙÙˆÙ† #Ø§Ù¾Ù„ #iphone17pro #apple  #Ø¢ÛŒÙÙˆÙ†Û±Û·,2025-09-10 21:01:44+00:00,Hamid Ghoraishi
tWTE79InLK8,iphone 17 Pro Max #smartphone #iphone #iphone17 #apple,2025-09-10 19:42:50+00:00,Tech Review
Z-vTpFbGJAw,AirPods Pro 3 vs Pro 2: Should You Upgrade?,2025-09-10 19:00:27+00:00,Tomâ€™s Guide
eMwPeB7M4K4,Apple tiene que cerrar el estadio.,2025-09-10 18:00:48+00:00,SupraPixel
F99r51efXts,"iPhone 17 Pro / Max, LO MÃS TOP de Apple!!! Â¿QuÃ© trae? #apple #iphone17pro #iphone17promax",2025-09-10 18:00:23+00:00,Urban Tecno
qSBbkWCbmD8,iPhone 17 Series in India#India #Hindi #Apple #iPhone #iphone17,2025-09-10 17:22:49+00:00,Techie Paradox
C7apLo8_pEY,iPhone Air - Todo Lo Que Apple No Dijo,2025-09-10 17:00:22+00:00,Tech Santos
42Mc6OpebXU,ğŸŸ¥El iPhone Air tiene dos PROBLEMAS que deberÃ­as conocer #apple #iphone,2025-09-10 16:36:53+00:00,Pablo Risko
qas69J7_EeU,La Keynote Apple 2025 est terminÃ© ! ğŸğŸ’»,2025-09-10 16:26:46+00:00,PcComponentesFR
znPNSj6vAJk,iPhone 17 Ñ‚Ğ° Ğ²ÑÑ Ğ¿Ñ€ĞµĞ·ĞµĞ½Ñ‚Ğ°Ñ†Ñ–Ñ Apple â€” Ğ ĞĞ—ĞĞĞ¡ Ğ‘Ğ•Ğ— Ğ¦Ğ•ĞĞ—Ğ£Ğ Ğ˜,2025-09-10 16:19:28+00:00,Svidomy
xjbQidvWFQQ,O celular mais fino da Apple chegou!,2025-09-10 16:18:38+00:00,BuscapÃ©
Pu5bmWg93AQ,"RIP Steve Jobs â€“ The Legendary Journey of Appleâ€™s Visionary, From Macintosh to the iPhone Revolution",2025-09-10 16:09:03+00:00,Past Vision
kz8mMz2zRXc,"Drie nieuwe Apple Watches, Ã©Ã©n grote winnaar!",2025-09-10 16:06:22+00:00,Bright
ScxzZayfiyI,iPhone 17 Pro PARODY - â€œProrangeâ€,2025-09-10 16:03:58+00:00,SAMTIME
WGCgEANS5V4,"iPhone 17 Air, lo que necesitas saber del MÃS DELGADO DE APPLE! #apple #iphoneair #urbantecno",2025-09-10 16:00:56+00:00,Urban Tecno
TSBpy5Wq1KY,8 Dakikada Appleâ€™Ä±n tanÄ±ttÄ±ÄŸÄ± her ÅŸey,2025-09-10 15:36:03+00:00,ShiftDelete.Net
YHzFvclT-2M,"Ultra 3, Series 11 &amp; SE 3: Alle Apple Watches im ersten Hands-On (plus HermÃ¨s Neuheiten!)",2025-09-10 15:34:25+00:00,Rafael Zeier
jxorRK3MaOs,APPLE WATCH ULTRA 3,2025-09-10 15:32:58+00:00,George Buhnici
RfBMdABp9AU,"Apple iPHONE 17 PRO MAX, AIR y TODO LO NUEVO!ğŸ¤”CRÃTICO OPINA",2025-09-10 14:15:33+00:00,eSavants
yHzazxB0dEk,"Apple iPhone 17, Air, 17 Pro &amp; Pro Max - Meine Meinung &amp; Ersteindruck (Deutsch) | SwagTab",2025-09-10 14:01:51+00:00,SwagTab
PPDhems4ZUM,"ğŸ”¥ iPhone 17 Series, iPhone Air,  AirPods Pro 3 ğŸš€ Appleâ€™s Biggest Launch Yet",2025-09-10 13:54:13+00:00,Tamil Tech - MrTT
W-A7pqWe5GE,Apple choque tout le monde avec ces 8 annonces !  #apple #iphone17  #iphoneair #airpodspro3 #shorts,2025-09-10 13:50:37+00:00,Frandroid
1BkRfXuetvc,"AirPods 3, Apple Watch Ultra 3, iPhone 17, Apple est de retour !",2025-09-10 13:39:32+00:00,FRED
5TcqcxA1Y-I,iPhone Air tutte le novitÃ  #apple #iphone #iphoneair,2025-09-10 13:38:28+00:00,Lega Nerd
PGHF0nFptbk,à¦¬à¦¾à¦œà¦¾à¦°à§‡ à¦¸à¦¬à¦¥à§‡à¦•à§‡ à¦¸à§à¦²à¦¿à¦® à¦†à¦‡à¦«à§‹à¦¨ à¦²à¦à§à¦š à¦•à¦°à¦² à¦…à§à¦¯à¦¾à¦ªà§â€Œà¦² #Apple #iPhoneAir #SmartphoneFeatures,2025-09-10 13:24:28+00:00,Anandabazar Patrika
K2m1wAftEko,å°ç£ç¨å®¶ï¼é«”é©—iPhone 17ä¸€å¤©ï¼ŒiPhone Airæ‰æ˜¯çœŸä¸»è§’ï¼Airpods Pro 3å¿…è²·ï¼ã€Joemanã€‘,2025-09-10 13:15:02+00:00,Joeman
A5wZ1hKZOig,DAS hat Apple uns bei der iPhone 17 Keynote VERSCHWIEGEN!,2025-09-10 13:09:33+00:00,LauTech
lapGDM0frE4,"Apple Watch Series 11: 5G, tlak ğŸ©º, Sleep Score ğŸ˜´ a papÃ­rovÄ› 24h vÃ½drÅ¾ ğŸ”‹ #apple #shorts #series11",2025-09-10 12:31:24+00:00,Huramobil [Petr Hudec]
P2AkwSy8B_o,Apple AirPods Pro 3 Announced! Audiophiles react.,2025-09-10 12:26:11+00:00,The Headphone Show
jee-DK4X2Uc,"iPhone 17, Pro i Air: NAJLEPSZY OD LAT xd",2025-09-10 11:38:41+00:00,MichaÅ‚ Pisarski Tech
9g5rdCrrmSw,Apple iPhone 17 &amp; iPhone Air â€“ Stunning Redesign Breaks the Mold ğŸš€ğŸ“± #iphone17 iphone 17 pro max,2025-09-10 11:34:30+00:00,Buzzline America
7s4IU_WLQTQ,"FantastickÃ½ iPhone Air &amp; 17 Pro, novÃ© AirPods Pro i Apple Watch Ultra 3. VÅ¡e co Apple pÅ™edstavil!",2025-09-10 10:36:30+00:00,Petr MÃ¡ra
Z1pLnQXiWbg,Apple Airpods Pro 3 #apple #airpodspro3 #tech,2025-09-10 10:32:19+00:00,GamesTechAuto
cw2pmKfHa7o,iPhone 17 / Pro / Air â€“ A BIG Update!!,2025-09-10 10:02:57+00:00,Dave2D
oV_1e5vL3EI,Apple Watch Ultra 3 First Look &amp; Hands-on!! #applewatch,2025-09-10 10:01:26+00:00,TenorshareOfficial
bnKpgY15ipk,Soll ich mir das iPhone 17 Pro Max kaufen? #iphone #apple,2025-09-10 09:36:37+00:00,Julyan Pohl
1evIm_7tH_A,iPhone 17 | Air | Pro HANDS-ON - The Truthâ€¦ ,2025-09-10 09:30:56+00:00,The Tech Chap
kmSd1KTw64A,So sÃ¡nh thá»±c táº¿ 3 mÃ u cá»§a #iphone17promax #vinhxo #apple #iphone,2025-09-10 09:17:04+00:00,Vinh XÃ´
f1BzsZns-SI,ã€å¯¦è©¦ã€‘2025è˜‹æœç™¼ä½ˆæœƒä¸Šæ‰‹å¾Œæ„Ÿï¼šiPhone AirçœŸä¿‚å‹è–„å‹éšï¼iPhone 17 Proæ©™è‰²å¥½å‹ï¼AirPods Pro 3æœ€æŠµè²·ï¼Apple Watchå®Œå…¨é›¶Feelå¯ä»¥ç­‰å¤šä»£ï¼Ÿ,2025-09-10 09:02:41+00:00,æš´åŠ›Violenceeç”Ÿæ´»èªŒ
zk_CX2kwDP0,Unboxing Apple Ipad A16 #apple #ipad #unboxing,2025-09-10 08:05:59+00:00,Mohamad Hamzah
idEAABFzpfg,iPhone 17/Pro/Air Impressions: Spot the Red Flags!,2025-09-10 08:04:59+00:00,Marques Brownlee
LEHtf4LnXmg,è˜‹æœç¸½éƒ¨ç¾å ´ç›´æ“Šï¼ iPhone 17ã€Airã€Proä¸Šæ‰‹å¿ƒå¾—ï¼ã€Joemanã€‘,2025-09-10 07:30:08+00:00,Joeman
548Cd3G-eoQ,"Alles Wichtige zu den neuen iPhones 17, Apple Watches und AirPods Pro 3",2025-09-10 07:29:02+00:00,Spiel und Zeug
NmjMt5ZiDLw,Apple Unveils iPhone Air | Thinnest iPhone Ever at 5.6mm,2025-09-10 07:23:55+00:00,Khaleej Journal
h2IhVwb1KLc,ã€å…¨ç¨‹å­—å¹•ã€‘2025è˜‹æœç™¼è¡¨æœƒæ‡¶äººåŒ…ï¼iPhone 17äº®é»ä¸€æ¬¡çœ‹ï¼é ‚è¦è¦åƒ¹72900å…ƒï¼åˆ°åº•åœ¨è²´ä»€éº¼ï¼Ÿå²ä¸Šæœ€è–„iPhoneå¡è¶…å¤šåŠŸèƒ½CPå€¼é«˜ï½œä¸‰ç«‹æ–°èç¶² SETN.com,2025-09-10 07:15:06+00:00,ä¸‰ç«‹æ–°èç¶²SETN
m-ccvYCtk8M,iPhone 17 Pro | #iphone17pro #apple #iphone,2025-09-10 06:53:01+00:00,Tasvra
eURYVajKLVw,iPhone 17 - First Look &amp; Hands-On!,2025-09-10 06:18:08+00:00,Brian Tong
o9EHGxSWlW4,Apple ğŸ 17air first view base model 256 GB in India starts at 119900#apple #iphone #iphone17,2025-09-10 06:03:28+00:00,Manji Tech Kannada
mkSDA_jp_4w,Itt az iPhone 17 Air Ã©s a PRO!!,2025-09-10 06:00:40+00:00,MagyarÃ³si Csaba
ffRY1safObE,iPhone 17 / 17 Pro / Air oficjalnie: Å¼egnamy 60 Hz i 128 GB pamiÄ™ci,2025-09-10 06:00:29+00:00,nieantyfan
KMt1frYhhXs,"Apple presenta los iPhone 17, iPhone Air, Apple Watch y AirPods Pro 3: Resumen completo",2025-09-10 05:44:57+00:00,La Manzana Mordida - Todo sobre Apple
PBb21EBP5kU,"Nowe produkty Apple - Wszystko, co musisz wiedzieÄ‡ po premierze.",2025-09-10 05:00:21+00:00,Kuba Klawiter
MTGgIWtTtSo,3 hal menarik dari lineup iPhone 17! #shorts #apple #iphone17 #iphoneair,2025-09-10 05:01:42+00:00,Brian Solid
SR_Iq97Bvr4,ã€Œé‚¦å°¼ã€å¿…çœ‹ï¼iPhone 17 å®Œæ•´è©³ç´°é‡é»ï¼è˜‹æœ 2025ç™¼è¡¨æœƒæ‡¶äººåŒ…ç¸½æ•´ç†ï¼iPhone 17 Proæ­£å¼ç™»å ´ï¼ˆæ²’æœ‰17 Air /17 Pro Max å”®åƒ¹ è¢å¹•ç›¸æ©Ÿ é¸è³¼ i17å€¼ä¸å€¼å¾—è²·ï¼Ÿ,2025-09-10 04:39:27+00:00,é‚¦å°¼å¹«ä½  3C ç§‘æŠ€ - é–‹ç®±è©•æ¸¬
M0au92yebLQ,Introducing iPhone Air | Apple,2025-09-09 18:50:25+00:00,Apple
EMmKs8vMKhU,Introducing AirPods Pro 3 | Apple,2025-09-09 18:40:14+00:00,Apple
31MbUHX7W8k,Catch up quick | Apple September event highlights,2025-09-09 18:34:37+00:00,Apple
H3KnMyojEQU,Apple Event â€” September 9,2025-09-09 18:19:02+00:00,Apple
7QIbSggaZqE,FINAL Leaks Before iPhone 17 Event!,2025-09-07 19:27:08+00:00,Tailosive Tech
MSjOw0T-uzk,L&#39;IPHONE 17 SARÃ€ UN FALLIMENTO...?!ğŸ¤¢ğŸ‘€ #iphone #apple #tech,2025-09-07 18:35:00+00:00,MEMEofficial-ITA
6IsM-n7l8pI,Apple pokaÅ¼e to we wtorek (mam nagranie). Tech Week,2025-09-07 18:00:11+00:00,Kuba Klawiter
wx728wbWPq0,APPLE VA A JUICIO!!! Contra Elon...,2025-09-07 17:30:21+00:00,Tecnonauta
wQGrd6SvIzA,Apple iOS 26: Hier sind 10 schnelle Tipps (+ mein Test-Fazit),2025-09-07 14:01:32+00:00,mobiFlip
_ugqossViZk,Apple iPhone 17 Event Last-Minute LEAKS - 9 NEW Updates!,2025-09-07 14:01:02+00:00,Max Tech
HZq0fH2I57I,QUEDAN HORAS y TODO ESTÃ FILTRADO!ğŸ”¥IPHONE 17 PRO MAX y AIR,2025-09-07 14:00:34+00:00,eSavants
Yqhiv6_-LTI,Ğ’ÑÑ‘ Ğ¿Ñ€Ğ¾Ñ‰Ğµ Ñ Apple Watch,2025-09-07 13:49:06+00:00,Romancev768
azTatGO3s5s,iPhone 17 Series Confirmed Leaks! | Malayalam,2025-09-07 12:30:03+00:00,Milan Thomas
m5_rtbak5do,"Apple iPhone 17 Launch Rumours: Air &amp; Pro Models, Prices Ahead of Sept 9 | Firstpost Tech &amp; Trade",2025-09-07 11:57:06+00:00,Firstpost
lRrkVGD3xx8,Apple&#39;s New iPhone 17 Series Is Aaak thoo | Technical Dost iPhone Roast,2025-09-07 11:45:00+00:00,Technical Dost
sCMC4buZCQ0,Inutile ou complÃ¨tement gÃ©nial ? ğŸ¤© #apple #magsafe #pixel10 #iphone17 #aulumu,2025-09-07 11:28:15+00:00,Discoverdex
WfxqN0BprUU,iPhone 17 : on sait dÃ©jÃ  tout !,2025-09-07 09:00:48+00:00,FRED
Gk0rcqgpRo8,ã‚¢ãƒƒãƒ—ãƒ«ã‚‚éœ‡ãˆä¸ŠãŒã‚‹æ—¥æœ¬ã®æœ€å¼·è…•æ™‚è¨ˆ #æµ·å¤–ã®åå¿œ,2025-09-07 09:00:28+00:00,ã‚»ã‚«ã‚¤ ãƒ ãƒ‹ãƒƒãƒãƒ³
b25JBGZUn7Y,Video iPhone 17 Pro Asli Udah Bocor?! Yang Bener Nih?!..,2025-09-07 05:39:44+00:00,iTechLife
S0IyFnGRcQs,Mini apple sweet eating with rural farming life #fruit #satisfying #shorts #apple,2025-09-07 03:44:11+00:00,Fruit Farm
nB7p9MfHYN0,Apple Watch Ultra 3 - All Big Major Upgrade Revealed Now!!,2025-09-06 23:23:53+00:00,Technology Talks
vgJ-PJLQPOg,3 new Apple Watch models rumored to launch on Tuesday,2025-09-06 21:45:03+00:00,AppleInsider
YdPaTjMO-QE,Apple Event 2025 - Alles was du wissen musst!,2025-09-06 20:20:02+00:00,Smartphoneblogger
bF1DL1Jgd44,Why is EVERYONE leaking the IPhone 17?? #carterpcs #tech #techtok #iphone17 #apple,2025-09-06 20:01:08+00:00,CarterPCs
Y7Bi9rY8nBw,The BIGGEST Apple Event of the Year! ğŸ‘€ğŸ¤¯,2025-09-06 18:59:25+00:00,Will Bowers
ZT2HiAPECU4,iPhone 17: On sait TOUT grÃ¢ce aux NOUVELLES fuites !!,2025-09-06 16:31:33+00:00,AndrÃ© Martin
mRi5ZGwyF-0,Apple iPhone 17/17 Air/17 Pro &amp; Apple Watch Event - The Final Details!,2025-09-06 16:18:19+00:00,Brian Tong
Ztyvu171AbE,Apple Event Final Leaks - WILD iPhone 17 Changes!,2025-09-06 15:01:05+00:00,The Apple Circle
K4PY0k7_4Dk,"Why Samsung, Google And Possibly Apple Are Investing In Folding Smartphones",2025-09-06 15:00:29+00:00,CNBC
SbkG7IFTdRs,Samsung Apple à¸‚à¸¹à¹ˆà¸Ÿà¹‰à¸­à¸‡ Xiaomi à¸«à¸¥à¸±à¸‡à¹‚à¸†à¸©à¸“à¸²à¸à¸²à¸”à¸à¸´à¸‡à¹‚à¸”à¸¢à¸•à¸£à¸‡ #Xiaomi #Apple #Samsung,2025-09-06 14:01:20+00:00,DSguide
W69N9VwKrdc,Che noia ste presentazioni #apple #cupertino #iphone17 #smartphone,2025-09-06 13:46:03+00:00,Izzy il Mazic
O-rIw1om8ZU,"Ä°pad 11.Nesil (A16) silver , Apple pencil USB-C aldÄ±mm Kutu AÃ§Ä±lÄ±mÄ±. Tuana Zeybek",2025-09-06 13:01:49+00:00,Tuana Zeybek
l82n7ilRew8,iOS 26 Not Ready Yet | Apple Store Hebbal | Malayalam,2025-09-06 13:01:23+00:00,Milan Thomas
fUVeuIPUKm0,IPHONE 17 e NON SOLO: COSA ASPETTARSI dal nuovo EVENTO APPLE! ğŸ«¢,2025-09-06 12:01:14+00:00,iPhoneItalia
XQhURe_jXiM,iPhone 17 Air vÃ©gsÅ‘ design ğŸ‘€ğŸ“± #showme #apple #iphone #iphone17air #appleevent #rumors #news,2025-09-06 12:01:09+00:00,ShowMe
P11Y14AgUDE,iPhone 17 TÃ¼rkiye FiyatlarÄ± ÅaÅŸÄ±rttÄ±! | Apple 9 EylÃ¼l LansmanÄ± Ã–ncesi Tahminler,2025-09-06 10:39:57+00:00,Emircan Ã‡elik
xxTgdWWgxK8,ã€æ‚²å ±ã€‘iPhone17 Pro Maxã€ãƒªãƒ¼ã‚¯ã•ã‚Œã‚‹ã‚‚å²ä¸Šæœ€æ‚ªã®ãƒ†ã‚™ã‚µã‚™ã‚¤ãƒ³ã™ãã‚™ã‚‹â€¦,2025-09-06 08:13:39+00:00,æ–°ã—ã„ã‚‚ã®ãŒå¥½ãã™ãã‚‹ãƒãƒ£ãƒ³ãƒãƒ«
z9-G9SmWme4,Ğ©Ğ¾ Ğ¿Ñ€Ğ¸Ñ…Ğ¾Ğ²ÑƒÑ” Apple? iPhone 17 Ñ– Ğ½Ğ¾Ğ²Ñ– Ğ´ĞµÑ‚Ğ°Ğ»Ñ– Ğ¿ĞµÑ€ĞµĞ´ Ğ¿Ñ€ĞµĞ·ĞµĞ½Ñ‚Ğ°Ñ†Ñ–Ñ”Ñ,2025-09-06 07:02:46+00:00,ĞĞ»ĞµĞºÑ Tech
51emn8RMt6k,Thatâ€™s Why Apple Stores Are So Special ! #apple #store #iphone #pune #shorts #ipad #tech,2025-09-06 06:14:37+00:00,Akash Jaiswal (IITB)
ly0_XxtlH3k,ğŸ˜Ğ Ğ°Ğ±Ğ¾Ñ‚Ğ° ĞœĞ•Ğ§Ğ¢Ğ« Ğ¾Ñ‚ AppleğŸ,2025-09-06 06:00:45+00:00,Demin's Lounge
TGGyeFhSYMo,Elon Musk attaque Apple : la guerre de l&#39;IA est dÃ©clarÃ©e.,2025-09-06 06:00:24+00:00,Vision IA
2QEfvna-VLg,Rescue the apple ğŸ from the giand log #funny #shorts #apple #rescue,2025-09-06 03:54:43+00:00,SK Hindi animation 
8yLVuBzxFQU,æœ€çµ‚çˆ†æ–™ iPhone 17 ç™¼è¡¨æœƒæœ‰ Apple Watchã€AirPods Pro 3ï¼Œé‚„æœƒæœ‰ä»€éº¼ï¼Ÿ,2025-09-06 02:00:09+00:00,è˜‹æœçˆ¹
zgzmvbKtgQo,ã€9/6ç¾åœ¨ã€‘Appleã‚¤ãƒ™ãƒ³ãƒˆç›´è¿‘ãƒ»ä½•ãŒç™ºè¡¨ã•ã‚Œãã†ï¼Ÿå™‚ã®ã¾ã¨ã‚ãƒ»iPhone 17/Apple Watch Series11/Ultra3/AirPods Pro 3,2025-09-06 01:19:31+00:00,AppleãŒå¤§å¥½ããªã‚“ã ã‚ˆ
EM01sxWIOtE,Kylie Minogue &amp; ATEEZ â€” Can&#39;t Get You Out Of My Head (Full Performance from KPOPPED) | Apple TV+,2025-09-05 23:59:49+00:00,Apple TV
nEAAyM-SdPU,iPhone 17 Pro | All new. All blue.,2025-09-05 21:48:49+00:00,fpt.
THH7RemD-sY,"ÃšLTIMA HORA iPhone 17 Pro, acuerdo Siri &amp; Google, Instagram para iPad y mÃ¡s noticias Apple",2025-09-05 20:05:13+00:00,La Manzana Mordida - Todo sobre Apple
h9xVh9zBXPk,"What to Expect at Appleâ€™s &#39;Awe Dropping&#39; Event â€“ iPhone 17 Air, AirPods Pro 3, &amp; More!",2025-09-05 18:43:33+00:00,MacRumors
lPDAYGaVvZA,New Apple TV 4K Only $99 â€“ Huge Surprise Update!,2025-09-05 17:07:38+00:00,SmartPhone Predictions
dHhIJvz5okQ,"Apple Event Leak, neue iPhone-Ã„ra startet, iOS 26 Datum, AirPods Pro 3 kommen und mehr | News 140",2025-09-05 16:01:12+00:00,Oliver
C0lubXXmXvg,MKBHD on Appleâ€™s â€œAwe Droppingâ€ iPhone 17 ğŸ‘€ğŸ“±#apple,2025-09-05 14:49:24+00:00,Singular Podcasts
ZoMwiuZHHbY,iPhone 17 Pro is INSANE - 10 HUGE Last-Minute LEAKS!,2025-09-05 14:25:55+00:00,Max Tech
tqydTgvOmFQ,Apple is delaying live translation with AirPods Pro 3 #carterpcs #tech #techtok #airpods #apple,2025-09-05 14:01:38+00:00,CarterPCs
_6yj0sapa5Q,Apple to Finally Make an AI Play,2025-09-05 13:34:37+00:00,The AI Daily Brief: Artificial Intelligence News
If0L7Xo2Qe0,Lâ€™iPhone 17 enfin dÃ©voilÃ© !?  #smartphone #iphone #apple #ifa #iphone17  #iphone17design  #shorts,2025-09-05 13:33:50+00:00,Frandroid
3MD7xwV3mtk,Hat der langsame Niedergang von Apple begonnen?,2025-09-05 13:30:02+00:00,Einfach ErklÃ¤rt
kr0l3UyXLXY,BREAKING: Apple TV 4K 2025 - Big Upgrade Just Got Exposed,2025-09-05 13:20:11+00:00,Technology in the Future
qVrtkTd61_I,Apple Watch Series 11: Last-Minute Leaks Before the September Event!,2025-09-05 13:15:07+00:00,SaranByte
VLxDwkNEWsE,iPhone 17 å¤§æ”¹ç‰ˆï¼iPhone 17 + 3å¤§ç”¢å“ ç™¼ä½ˆæœƒå‚³èæ‡¶äººåŒ… | å»£æ±è©± | ä¸­æ–‡å­—å¹• | é¦™æ¸¯ | unwire.hk,2025-09-05 13:01:07+00:00,UNWIRE.HK
ZL1Fb0jNf8Y,Apple iPhone 17 EVENT â€” 11 Products Youâ€™ll See REVEALED!,2025-09-05 12:41:00+00:00,Matt Talks Tech
k6BQHgttwc0,iPhone 17 Air Is the Start of New iPhone Designs | One More Thing,2025-09-05 12:01:24+00:00,CNET
tOBVbx0T9Xo,iPhone 13 - A TÃ¶kÃ©letes VÃ¡lasztÃ¡s ğŸ“±âœ… #showme #apple #iphone #applewatch  #iphone13,2025-09-05 12:01:46+00:00,ShowMe
rDJLKEt_kok,Apple Watch Ultra æ®ºæ‰‹ç™»å ´ï¼ŸGarmin FÄ“nix 8 Pro äº®é»å…¨åˆ†æï¼šMicroLED + è¡›æ˜Ÿæ•‘å‘½ï½œå½¼å¾—æ£®,2025-09-05 11:30:56+00:00,å½¼å¾—æ£®
SF5PK_F6Oas,"APPLE: USCITI I PREZZI DI iPHONE 17, 17 AIR e 17 PRO MAX",2025-09-05 07:27:24+00:00,Giulio Brotini
MLtgsv4RyPs,How Apple&#39;s face ID really works,2025-09-05 07:00:19+00:00,Fox Business
fgIMADwt8Mw,Iphone 17 series is hereğŸ”¥#shorts #apple,2025-09-05 06:54:47+00:00,Techezi
0O2Tr8O2PW4,The ABC Phonics song - a for apple a for ant,2025-09-05 04:15:21+00:00,Siyamday & English
dmS0k8xUCew,à®†à®ªà¯à®ªà®¿à®³à¯ à®®à¯‡à®²à¯ à®’à®Ÿà¯à®Ÿà®ªà¯à®ªà®Ÿà¯à®Ÿà®¿à®°à¯à®•à¯à®•à¯à®®à¯ à®¸à¯à®Ÿà®¿à®•à¯à®•à®°à¯ à®à®¤à®±à¯à®•à®¾à®• à®¤à¯†à®°à®¿à®¯à¯à®®à®¾ ?? | #motivation | #apple  | #fruit |,2025-09-05 04:00:08+00:00,Jenish Tech 
IGpXnDiRia8,"Trump Hosts Tech CEOs From Meta, Apple, Microsoft, Google And OpenAI At White House | 10 News",2025-09-05 02:12:19+00:00,10 News
cgpi5S0HOHo,ESSE CARRO Ã‰ DA APPLE! #shorts,2025-09-05 01:33:49+00:00,Gutemberg
TIsOC-B-QLU,RECEBI O IPHONE 17 AIR e 17 PRO MAX! ğŸ˜±,2025-09-04 21:56:00+00:00,Tuk
W9IsVmSvoIc,Ponemos NOTA a lo NUEVO de Apple,2025-09-04 21:45:02+00:00,Topes de Gama
5j0Xw3S3NZ0,Apple Plans AI &#39;Answer Engine&#39; to Rival OpenAI,2025-09-04 20:05:39+00:00,Bloomberg Technology
Cc9OcxBJPoo,Apple iPhone 17 Air - Its Official!,2025-09-04 17:30:05+00:00,TT Technology
aWhktRgzZ9E,"AsÃ­ serÃ¡ el iPhone 17 y iPhone 17 Pro Max, ÃšLTIMA HORA y PRECIOS finales ğŸ”¥",2025-09-04 17:07:33+00:00,Genius Manu
_UaWsUHe4hM,What Is Apple Trying to Tell Us?,2025-09-04 17:00:56+00:00,Waveform Clips
KbCEINX48ck,"Comment Apple, Nike, Starbucks ont piratÃ© notre cerveau.",2025-09-04 16:00:38+00:00,Brandon Le Proktor
OuWUBQzGs4U,Apple Was Sued By A Health Tech Company!,2025-09-04 16:00:47+00:00,QuickCast
mUY02jIoJI4,iPhone 17 hakkÄ±nda bilmeniz gerekenler!,2025-09-04 14:32:17+00:00,Samet Jankovic
HBVJeH-Vhtw,"Apple Watch Ultra 3 (2025) â€“ The Full Story, Features, and Why Itâ€™s Worth the Wait",2025-09-04 14:21:36+00:00,Technology in the Future
sU3OIFcOyu4,Everything NEW! 2025 Apple TV 4K,2025-09-04 14:01:27+00:00,Tech Ledger
Gj3-cVKXaso,Mes hot takes sur les rumeurs de la keynote dâ€™Apple ğŸ”¥ #apple #iphone #applewatch #airpods #iphone17,2025-09-04 13:56:08+00:00,Nowtech
LreM4VLsOSw,ğŸ˜± iPhone 17 Series â€“ Big Things Coming at Apple Event 2025 ğŸš¨,2025-09-04 13:15:41+00:00,Tamil Tech - MrTT
sU2BBv9WS0I,New Shortcuts That Are Game Changers: iPadOS &amp; iOS 26 Updates,2025-09-04 13:01:45+00:00,Christopher Lawley
tbXJYs0sthE,Un rasoir pas comme les autres !!  #rasoir  #ifa  #apple  #tech #shorts,2025-09-04 10:09:18+00:00,Frandroid
gN8JwAPXDXU,Apple Watchæ­´8å¹´ç›®ãŒè§£èª¬ï¼Apple Watchã§ãã‚‹ã“ã¨ã€Œæš®ã‚‰ã—ãŒåŠ‡çš„ã«å¤‰ã‚ã‚‹ä¾¿åˆ©ãªä½¿ã„æ–¹ã€10é¸,2025-09-04 10:01:08+00:00,ã‚ã£ã¡ã‚ƒã‚“æ•™ãˆã¦
AxmfYaaKsK4,Apple sort-elle un rasoir Ã©lectrique ?  #apple  #rasoir  #design  #rasoirelectrique  #ifa  #shorts,2025-09-04 09:40:32+00:00,Frandroid
tZD4hgByaEw,"A for Apple | à¤ à¤«à¤¾à¥…à¤° à¤à¤ªà¥à¤ªà¤² | Abcd Song | Phonics Song | Abcd Rhymes #nurseryrhymes, 03",2025-09-04 02:30:47+00:00,Mantu Study Class
LY9gYYuHYsU,Appleâ€™s New AI SHOCKS The Industry With 85X More Speed (Beating Everyone),2025-09-03 22:57:03+00:00,AI Revolution
QCLhqQ9fNXo,â‚¹65k - i bought Cheapest MacBook Air M4 #macbookairm4 #apple #bestlaptop,2025-09-03 18:59:15+00:00,Ravikant Dubey
bUmuaVeDUDc,Megan Thee Stallion &amp; Billlie â€” Savage (Full Performance from KPOPPED) | Apple TV+,2025-09-03 18:59:49+00:00,Apple TV
J0Ohjm_MvJI,Real Apple Store vs Authorised Apple Store - à®à®¤à¯ Better? #shorts,2025-09-03 14:07:22+00:00, Trakin Tech Tamil
A9BCtrziWtg,Slow Horses â€” Season 5 Official Trailer | Apple TV+,2025-09-03 12:59:48+00:00,Apple TV
Y-V1TICryIY,å²è©©æ›´æ–° iPhone 17 æ“æœ‰çš„ 36 é‡å¤§æ”¹è®Š,2025-09-03 13:01:18+00:00,è˜‹æœçˆ¹
D-VxBpVL6pk,LACHHAFTE iPhone 17 Leaks ğŸ˜› #apple #iphone17 #smartphone #iphone17pro #tech,2025-09-03 12:11:47+00:00,Moschuss
BWgJcKh-66w,Apple vs Android Charging Speed - 30W vs 320W ğŸ”¥ #a2darmy  #apple #realme15000mAhBattery,2025-09-03 12:02:46+00:00,A2D Channel
_U4xOM3Yz2c,à¸‡à¸²à¸™à¹€à¸›à¸´à¸”à¸•à¸±à¸§ iPhone17 à¸ˆà¸°à¸§à¹‰à¸²à¸§ à¸ˆà¸™à¸à¸£à¸²à¸¡à¸„à¹‰à¸²à¸‡à¸ˆà¸£à¸´à¸‡à¹„à¸«à¸¡?,2025-09-03 11:31:33+00:00,BT beartai
Pkmkg_NgP_8,EXCLUSIVEâ€¼ï¸iPhone 17 Air vs 17 Pro | Hands On Sebelum Rilis,2025-09-03 10:30:16+00:00,iamcherish Apple Pro
BtF2NNREbDY,"iPhone 17 Series Prices Leaked, Week Before Apple Awe Dropping iPhone Event | iPhone 17 Launch News",2025-09-03 09:11:20+00:00,India Today
0svpfBnTdDg,é€†ãƒ¯ã‚¤ãƒ¤ãƒ¬ã‚¹å……é›»ã¯ç›¸æ‰‹ã«éƒ½åˆãŒè‰¯ã™ãã‚‹ã€€#iPhone  #Apple,2025-09-03 08:00:03+00:00,ã·ã‚ã·ã‚ TikTokÃ—å‰¯æ¥­
A9m7c1B4b-w,iPhone 17 Pro Trailer Reveal Official Look | Apple Event,2025-09-02 21:02:02+00:00,DrTech
bK9AlehwHjw,S10 plus #apple #iphone #samsung,2025-09-02 20:55:48+00:00,Matheuss P Magalhaes
C29Og7K99KU,The Apple ecosystem is starting to annoy me.. #carterpcs #tech #techtok #apple #android,2025-09-02 20:01:07+00:00,CarterPCs
Ki9pXngy_2Y,iPhone 17 Pro Trailer Official Look Design | Apple Event,2025-09-02 18:25:17+00:00,Zee Tech
aZZzqE9aGiI,APPLE NOS ODIA!!!,2025-09-02 18:15:01+00:00,Tecnonauta
TNVyMz9tbJE,HO ROTTO TRE APPLE PENCIL IN UN ANNOâ€¦ ğŸğŸ“± #perte #apple #shopping,2025-09-02 17:19:48+00:00,TanzGrand Studios 
hN-M4OsQCbI,Apple Type C Uruttu â˜ ï¸ - Mobile Blast #a2darmy #apple #typeccharger,2025-09-02 14:30:16+00:00,A2D Channel
pVNqL-nOVGE,iPhone 17 Pro é€ å‹å¤§æ”¹ï¼Ÿè¶…è–„çš„ iPhone 17 Air å±…ç„¶ç äº†é€™äº›æ±è¥¿ï¼è˜‹æœç§‹å­£ç™¼è¡¨æœƒé æ¸¬åˆ†æï¼Œå¿…çŸ¥é‡é»æ¶å…ˆçœ‹ï¼  feat. Sandisk ï½œAPPLEFANS è˜‹æœè¿·,2025-09-02 13:01:41+00:00,APPLEFANSè˜‹æœè¿·
8K5HkaFm_FM,iPhone 17 Series Launch - Big Changes ComingğŸ”¥ğŸ”¥ğŸ”¥,2025-09-02 10:39:41+00:00,Technical Guruji
Guqv1W1QozY,è˜‹æœåŠ ç¢¼10æœˆæ–°å“å¤§çˆ†æ–™ï¼æ¯”iPhone17ä¾¿å®œçš„MacBookã€Vision Proå‡ç´šç‰ˆã€M5 MacBook Proã€HomePod miniã€æ–°Apple TV 4K,2025-09-02 10:30:09+00:00,3cTimå“¥ç”Ÿæ´»æ—¥å¸¸
xoik3BB7_u4,4ã¤ç›®ãŒä¸€ç•ªæ°—ã«ãªã‚‹ã¨ã“ã‚ã€€#iPhone #iPhone17 #Apple,2025-09-02 03:26:43+00:00,ã·ã‚ã·ã‚ TikTokÃ—å‰¯æ¥­
O4D5xMDZui8,Pov tu amigo que tiene Apple Watch #iphone #apple #humor #comedia #risas #watch,2025-09-02 02:58:50+00:00,Pec Sami 
64MZp29ocOU,Fix iPhone 17 jadi sejarah baru Apple #shorts,2025-09-02 02:00:09+00:00,Ferry Sunito
m2zASLxpKUc,ğŸ˜°Cuando el Apple Watch expone todoğŸ˜­,2025-09-02 00:04:37+00:00,Pixel Compa
n450TTJ394Q,Ø®Ø·Ø© Ø§ÙŠÙÙˆÙ† Ø§Ù„Ø¹Ø¨Ù‚Ø±ÙŠØ© || iPhone 17 Pro Max !!,2025-09-01 21:18:42+00:00,Omardizer | Ø¹Ù…Ø±Ø¯ÙŠØ²Ø±
-ATYbGDvS2c,NOVOS VAZAMENTOS DA APPLE,2025-09-01 21:00:01+00:00,CORTES - Leon e Nilce [Oficial]
_-2TGj46pzk,iOS 18 vs iOS 26 - Design | Das grÃ¶ÃŸte iPhone Update seit Jahren im Vergleich!,2025-09-01 19:45:17+00:00,Apfelwelt
m-BEpiq3Zl4,iPhone 17 New Specs?! ft @mkbhd | @Apple,2025-09-01 17:50:36+00:00,Jamilou
9fkaBbdvRBA,APPLE COLLAPSE: India &amp; China Introduce 100% Tariffs on iPhones,2025-09-01 16:45:13+00:00,Carros Show
rueDTXhwo9I,Kezemben az iPhone 17 Pro Max!,2025-09-01 16:42:34+00:00,Apple Pie
g85UogSJoZA,If Apple Had an Acting Coach,2025-09-01 16:30:30+00:00,SAMTIME
l7gY2JGbSJg,Unboxing Waka Waka Apple X Samsung,2025-09-01 15:30:33+00:00,HOPPER
9Smfn-N7x4I,kupiÅ‚em Apple TV PO RAZ PIERWSZY i nie Å¼aÅ‚ujÄ™ âœ… #shorts,2025-09-01 15:18:00+00:00,matisowy
sd6mehjOm_Q,Apple vs headphone jack,2025-09-01 14:01:31+00:00,Surfshark Academy
FwCvoAq0dCo,Apple Hebbal à²•à²°à³à²¨à²¾à²Ÿà²•à²¦ à²®à³Šà²¦à²² Official Apple Store âœŒï¸à²¨à²®à³à²® à²¬à³†à²‚à²—à²³à³‚à²°à²²à³à²²à²¿..! Phoenix Mall of Asia,2025-09-01 12:03:26+00:00,Tech in Kannada
bOUanb2hip4,Apple Watch Series 11: What to Expect,2025-09-01 12:00:59+00:00,CNET
V_vSN5bXm5Q,"Apple iPhone 17 Pro/Max/Ultra: VÅ¡e, co potÅ™ebujeÅ¡ vÄ›dÄ›t!",2025-09-01 04:00:29+00:00,Huramobil [Petr Hudec]
axU300gMKv8,Main en Sabhi Apple ğŸğŸ Ko Kha jaungağŸ¤ª #Apple #fruitseating #Shorts #Vfx #Viral,2025-09-01 01:21:24+00:00,RS Bhairo
dvyc3cghDrU,âš ï¸ Donâ€™t Update to iOS 26 Until You Do This,2025-08-31 23:00:38+00:00,Payette Forward
shDPLlOIKu0,"I Bought A $15,950 Apple Return&#39;s Pallet...",2025-08-31 18:15:00+00:00,Harrison Nevel
DE1PGI7Vo_s,GLI IPHONE 17 SONO...ğŸ‘€ğŸ #iphone #apple #tech,2025-08-31 18:00:19+00:00,MEMEofficial-ITA
iqggADsdG20,Das iPhone 17 Design ist das SCHÃ–NSTE aller Zeiten. #iphone17 #apple #android,2025-08-31 16:47:29+00:00,Ilias Bsd
HANKBm863rs,Going from Apple to Olivia Rodrigo||#viral #guts  #OliviaRodrigo #fyp #pinterest #viralfyp #capcut||,2025-08-31 16:32:19+00:00,ğ’¦ğ’¶ğ“‰ğ’¾â„¯ á–­à½²à¼á–«à¾€ 
2x7NleNswYY,Loyal Apple Fan Boy Switches To Google Pixel 10 Pro XL - Goodbye iPhone!,2025-08-31 15:51:00+00:00,Shevon Salmon
vkwQCY0xZ34,Innovazione con iPhone 15 ğŸ“±âœ¨ #iphof15 #apple #tecnologia #innovazione #smartphone #iphone #ios #fyp,2025-08-31 13:09:00+00:00,Lima Khan
kTMY3HaXPnU,Delicious cherry Apple ğŸğŸ fruits harvesting from Farm by Rural Farmer #apple #shorts,2025-08-31 13:01:27+00:00,Satyam green world
Ucy1yxan1OA,iPhone12æœˆã‹ã‚‰ä½¿ãˆãªã„æ©Ÿèƒ½æ¥ã¾ã™ã€€#iPhone #ã‚¢ãƒ—ãƒª #Apple,2025-08-31 08:00:36+00:00,ã·ã‚ã·ã‚ TikTokÃ—å‰¯æ¥­
BxEBpJ6lUBk,"iPhone 17, Apple Watch 11, AirPods Pro 3 â€” Ğ£Ğ¡Ğ•, Ñ‰Ğ¾ Ğ¿Ğ¾ĞºĞ°Ğ¶ÑƒÑ‚ÑŒ Ğ½Ğ° Ğ¿Ñ€ĞµĞ·ĞµĞ½Ñ‚Ğ°Ñ†Ñ–Ñ— Apple Awe Dropping",2025-08-31 07:00:10+00:00,Svidomy
i_8yip_tCSM,iPhone 17 - This Aged Well!!,2025-08-31 00:50:32+00:00,VONGARD
dDiezz6QluY,ğŸ¤¢ Ğ—Ğ°Ğ¼ĞµĞ½Ğ° Apple Pay Ğ¾Ñ‚ Ğ¡Ğ±ĞµÑ€Ğ° â€” Ğ­Ğ¢Ğ ĞšĞ Ğ˜ĞĞ–! Ğš Ñ‡ĞµÑ€Ñ‚Ñƒ Ğ¢ĞĞšĞ£Ğ® Ğ±ĞµÑĞºĞ¾Ğ½Ñ‚Ğ°ĞºÑ‚Ğ½ÑƒÑ Ğ¾Ğ¿Ğ»Ğ°Ñ‚Ñƒ!,2025-08-30 16:50:33+00:00,Wishmaster â€” ĞºĞ¸Ğ±ĞµÑ€Ğ±ÑƒĞ»Ğ»Ğ¸Ğ½Ğ³ Ğ¸ Ñ‚ĞµÑ…Ğ½Ğ¾Ğ»Ğ¾Ğ³Ğ¸Ñ‡ĞµÑĞºĞ¸Ğ¹ Ğ°Ğ±ÑŒÑĞ·
a2QY7F3R4tw,Why Apple is Ending the iPhone in 2025,2025-08-30 15:00:00+00:00,The Apple Circle
Ev_no76YsLo,Apple to Use Gemini On a New Revamped Siri! w @mkbhd,2025-08-30 14:28:31+00:00,Tech podcasts
Bufexqs0i7s,Ø±Ø³Ù…ÙŠØ§ Ù…ÙˆØ¹Ø¯ Ù…Ø¤ØªÙ…Ø± Ø§Ø¨Ù„ Ø§Ù„Ù‚Ø§Ø¯Ù… â€â¦â€ª#AppleeventÂ  #apple #ÙÙŠØµÙ„_Ø§Ù„Ø³ÙŠÙ #ØªÙ‚Ù†ÙŠØ© #technology #iphone17 #iphone,2025-08-30 14:26:24+00:00,UTD Saudi ÙÙŠØµÙ„ Ø§Ù„Ø³ÙŠÙ
JZO0xypgzpA,"Evento da Apple no dia 09: NOVOS iPhones 17, Apple Watch e AcessÃ³rios! Loopcast 470!",2025-08-30 14:00:48+00:00,Loop Infinito
krSkepdSCUM,Apple September 2025 Event - 10 Things to Expect!,2025-08-30 13:01:25+00:00,ZONEofTECH
ZClEbMbAsAo,Apple iPhone Air &amp; iPhone 17 Pro MaxğŸ˜ Camera va mathuna puthu design a?ğŸ˜‚,2025-08-30 12:39:22+00:00,Tech Satire
r_GsNlwKF1g,ALLE Leaks &amp; Infos zur Zukunft des iPhones!,2025-08-30 09:51:43+00:00,Felixba
WkUtgxt0-EY,Which Apple is your favorite? ğŸ #asmr #ai #satisfying #apple #DreamLoopASMR,2025-08-30 01:49:34+00:00,DreamLoop ASMR
Ewm6k72HZRQ,"Fecha OFICIAL iPhone 17, filtrados AirPods Pro 3, nueva Siri con Google y mÃ¡s noticias Apple",2025-08-29 17:07:41+00:00,La Manzana Mordida - Todo sobre Apple
O0SzeO5RwwE,ğŸ€ATEEZ x JBALVIN | MI GENTE FULL PERFORMANCE | KPOPPED APPLE TV ,2025-08-29 16:16:42+00:00,Minjoong Crumbs
3dd1GguwyPU,iPhone 17 Air &amp; iPhone 17 Pro: FINAL Leaks Before &#39;Awe Dropping&#39; Event,2025-08-29 15:31:31+00:00,MacRumors
yEKyvfykOjA,IPHONE 17: QUESTO NON ACCADEVA DAI TEMPI DI IPHONE 4! ğŸ«¨,2025-08-29 14:30:50+00:00,iPhoneItalia
j6WaM_CaKvE,Why the Apple Watch Ultra 3 Has Me More Excited Than the iPhone 17,2025-08-29 14:01:19+00:00,9to5Mac
sIhperSz9JM,New iPhone 17 Series Impressions #apple #iphone #techmastershort,2025-08-29 13:52:06+00:00,Tech Master
V5sxw0aWtlQ,"Ateez Kpopped | Ateez, Kylie &amp; J Balvin Bouncy full performance | Apple Tv ",2025-08-29 12:27:56+00:00,Lovely
1FjAHbISxlc,"iPhone 17 Event Clues! New AirPods, Apple Watches | One More Thing",2025-08-29 12:00:05+00:00,CNET
UfxUNuNA91k,Switching from iPhone to Samsung ğŸ‘€ #samsung #apple #s25ultra #tech,2025-08-29 03:51:48+00:00,Johnny
TC4iceM4o9U,Sep 9 á€›á€€á€ºá€”á€±á€·á€™á€¾á€¬ iPhone 17 á€á€½á€± á€‘á€½á€€á€ºá€™á€šá€ºá€œá€­á€¯á€· Apple á€€ á€€á€¼á€±á€Šá€¬...,2025-08-29 02:51:40+00:00,HtooMax
fc3GyPlZ2Lo,A for apple | à¤… à¤¸à¥‡ à¤…à¤¨à¤¾à¤° | abcd | Abc phonics song nursery rhymes,2025-08-29 02:09:13+00:00,ABC Kiddie Rhymes
wyKw0gQTs5k,Apple this Crisp #dessert,2025-08-28 23:14:20+00:00,Jose.elcook
OdhzV-43WsY,MKBHD On Googleâ€™s Deal With Apple ğŸ’°,2025-08-28 21:00:33+00:00,Hackworld
dP9oGae4JpA,Apple Â«loin de la compÃ©titionÂ» avec son nouvel iPhone - entrevue avec StÃ©phane Ricoul,2025-08-28 20:17:59+00:00,TVA Nouvelles
fN4MZlWy1kY,HOW TO CLEAN YOUR APPLE AIRPODS MAX ğŸ§,2025-08-28 20:00:22+00:00,Payton Leihgeber
0BqGYOBpI90,Apple macht es offiziell! iPhone 17 Pro mit Reverse Charging &amp; AirPods Pro 3 in neuem Design?,2025-08-28 17:20:08+00:00,JOCR
wPewZhhXpL0,iPhone 17? Wacht beter op de iPhone XX!,2025-08-28 16:30:23+00:00,Bright
ZyZAmTsV0O0,"Keynote 9 Septembre 2025 : iPhone 17, iOS 26     Tout ce que l&#39;on sait !",2025-08-28 16:01:05+00:00,Marty
ygEgMLZq7Vc,Apple anuncia evento del iPhone 17,2025-08-28 13:02:03+00:00,Isa Marcial
PhvLBCfKwrw,"ã€å¿˜ã‚Œã¦ãªã„ï¼Ÿã€‘æ—¢ã«ç¢ºå®šã—ã¦ã„ã‚‹ï¼“ã¤ã®é©å‘½ã«ã¤ã„ã¦ã€iPhone 17, Apple Watch Series 11ã€‘",2025-08-28 13:00:58+00:00,Appleä¿¡è€…ï¼‘å„„äººå‰µå‡ºè¨ˆç”»
mAVV5GZHUPw,Appleæœƒç™¼ä½ˆå¥½å¤šæ–°é‡ğŸ‘‚ğŸ» 50ä»¶å¿…ç‡ç§‘æŠ€æ–°å“ ğŸğŸ“± æœ‰è¶£ç§‘æŠ€æ–°è,2025-08-28 12:31:06+00:00,Edwin H.
L_SwcHbz2P0,Sweet Apple with Mini DB | D Billions Kids Songs,2025-08-28 11:00:42+00:00,D Billions
eNamgAUTDsA,Iphone 17 pro max aldÄ±m! (Ã‡akma) #iphone17promax #shorts #apple,2025-08-28 10:33:22+00:00,Tolga Ä°Ã§mez
pQL7BYNasQc,iPhone 17ã‚·ãƒªãƒ¼ã‚ºç™ºè¡¨ã§æ¶ˆãˆã¦ã„ãAppleè£½å“ãŸã¡ãƒ»ãƒ»ãƒ»ãƒ»,2025-08-28 10:01:34+00:00,ãƒã‚¹ã‚¯ã‚¶ãƒ•ãƒªãƒ¼ãƒãƒ³TV
VZpfIdaKeeA,Apple Watchã¯æœ€é•·ä½•å¹´ä½¿ãˆã‚‹ï¼Ÿè²·ã„æ›¿ãˆã‚¿ã‚¤ãƒŸãƒ³ã‚°ã¨å¯¿å‘½ã«ã¤ã„ã¦è§£èª¬ã—ã¾ã™ã€‚,2025-08-28 08:15:02+00:00,ã¾ã¤ã‚Šãã‚“
1YpssUyVhYo,Apple this Cider! #drinks,2025-08-28 02:19:22+00:00,Jose.elcook
RoLFDfAlkVE,When is the IPhone 17 coming out? #carterpcs #tech #techtok #apple #iphone17,2025-08-28 00:02:14+00:00,CarterPCs
RnYEi3bDCcc,All Of You â€” Official Trailer | Apple TV+,2025-08-27 14:59:54+00:00,Apple TV
2BdmJc0g0Ck,Apple Officially Announced iPhone 17 Event | Everything to Expect | Malayalam,2025-08-27 14:00:03+00:00,Milan Thomas
1IcklqPlkDo,iPhone 17ç™¼å¸ƒæœƒ7å¤§å‚³èæ•´åˆï¼17 Airæœ‰æœ›æˆå²ä¸Šæœ€è–„æ‰‹æ©Ÿï¼Ÿé¦™æ¸¯åƒ¹æ ¼ææ—©çˆ†ï¼10åˆ†é˜çœ‹æ¸…2025 Apple Eventé‡é»ï¼šé¡é ­æ¨¡çµ„å¤§æ”¹ã€å…¨æ©Ÿå‹ 120Hz å±å¹•ï¼Ÿï½œ#å»£æ±è©± ,2025-08-27 12:00:03+00:00,Price.com.hk é¦™æ¸¯æ ¼åƒ¹ç¶²
CzYdPhRd0IM,è˜‹æœiPhone17ç™¼è¡¨æœƒé‚€è«‹å‡½è—ç„æ©Ÿï¼é™¤è¶…è–„iPhone 17 Airå¤–ç·Šæ¥è‘—æ‘ºç–Š iPhone&amp;20 é€±å¹´å…¨ç»ç’ƒç‰ˆç™»å ´ï½œæˆ‘æƒ³è¦AirPods Pro 3,2025-08-27 08:00:22+00:00,3cTimå“¥ç”Ÿæ´»æ—¥å¸¸
rN9VaBF7Xyc,ã€é€Ÿå ±ã€‘Appleã‚¤ãƒ˜ã‚™ãƒ³ãƒˆæ­£å¼ç™ºè¡¨ããŸ!iPhone17/AirPodsPro3/AppleWatchUltra3ã€ãã—ã¦M5 iPadã¯ã„ã¤?!,2025-08-27 07:43:31+00:00,ã¿ãšãŠã˜ã•ã‚“ / èª°ã§ã‚‚åˆ†ã‹ã‚‹ã‚¹ãƒãƒ›è¬›åº§
qzOV4CeTSgI,"éƒ½éŒ¯äº†ï¼ä¸æ˜¯å¤§æ”¹ï¼ŸiPhone 17 ç™¼è¡¨æœƒä¾†äº†, Apple Watch 11, Ultra 3, AirPods Pro 3",2025-08-27 06:48:41+00:00,è˜‹æœçˆ¹
JsOVWHeW2CM,If Apple made a mechanical keyboard..,2025-08-27 03:53:14+00:00,Stevie Sells
FSuW4Q7t4gQ,"FIX Sudah! Apple September Event 2025 : iPhone 17 Air, iPhone 17 Pro, Apple Watch Series 11 &amp; More!",2025-08-27 00:35:29+00:00,iTechLife
kXVzMSHoKm0,"Apple September 9 Event CONFIRMED! iPhone 17, AirPods Pro 3 &amp; More!",2025-08-27 00:32:00+00:00,AppleTrack
Za1hE7iXYfk,OFICIAL - Evento Apple de iPhone 17 y QuÃ© Esperar!!,2025-08-26 23:25:42+00:00,Tech Santos
Sdabj_Gg3Bo,iPhone 17 chegando? Apple CONFIRMA evento para o dia 9 de setembro!,2025-08-26 19:40:00+00:00,Matheus Kise
rjX4qoiMvZQ,Apple kÃ¼ndigt September Event an! | Die neuen iPhones kommen &amp; was uns noch erwarten kÃ¶nnte,2025-08-26 17:38:37+00:00,Apfelwelt
mUFi0JVPZlY,Apple Ğ¿Ñ€Ğ¸Ğ³Ğ»Ğ°ÑˆĞ°ĞµÑ‚ ÑĞ¼Ğ¾Ñ‚Ñ€ĞµÑ‚ÑŒ Ğ½Ğ° iPhone 17!,2025-08-26 17:34:34+00:00,Wylsacom
jqheYIvjtSQ,JakÃ½ bude iPhone 17 Air? A co vÅ¡e Apple navaÅ™il na zÃ¡Å™Ã­? ğŸ˜µâ€ğŸ’«,2025-08-26 16:58:30+00:00,Petr MÃ¡ra
Lu6GotDpsWU,"Apple anuncia su GRAN EVENTO: TODO sobre los iPhone 17, Apple Watch y sus precios",2025-08-26 16:24:21+00:00,La Manzana Mordida - Todo sobre Apple
jllpCI34IQs,A Especialista â€” Trailer oficial | Apple TV+,2025-08-26 14:02:08+00:00,Apple Brasil
h5hVbQwL7DY,à¹„à¸¡à¹ˆà¸­à¸¢à¸²à¸à¹€à¸Šà¸·à¹ˆà¸­ à¹à¸šà¸£à¸™à¸”à¹Œà¸ˆà¸µà¸™à¸¡à¸µà¸§à¸±à¸™à¸™à¸µà¹‰! à¸•à¸š Apple à¸¢à¸±à¸š à¸™à¸³à¹„à¸à¸¥à¹„à¸›à¸«à¸¥à¸²à¸¢à¸‚à¸¸à¸¡ à¹€à¸œà¸¢à¸„à¸§à¸²à¸¡à¸¥à¸±à¸šà¸—à¸µà¹ˆà¸­à¸¢à¸¹à¹ˆà¹€à¸šà¸·à¹‰à¸­à¸‡à¸«à¸¥à¸±à¸‡?,2025-08-26 11:53:29+00:00,Asia Watch Live
8MusXNjYJWU,è˜‹æœå®˜æ–¹åŠ‡é€ï¼ŸiPhone 17 Pro çœŸæ©Ÿç…§ç‰‡æ›å…‰ï¼šiPhone X ä»¥ä¾†æœ€å¤§å‡ç´šï¼ï½œå½¼å¾—æ£®,2025-08-26 11:30:06+00:00,å½¼å¾—æ£®
a3mAU6HZiPw,Cute Monkey Eating an Apple ğŸğŸ˜‚,2025-08-26 07:30:01+00:00,Bomlolo Monkey 
4uysJw5tAOc,Apple Chooses India Over America à¥¤ Indraprastha,2025-08-26 03:23:23+00:00,Indraprastha
d4aVIsavAPo,Apple Accidentally Leaks 7 New Products &amp; Google Gemini Cooks Apple Intelligence,2025-08-25 22:01:15+00:00,Brian Tong
XHvQnqzy6h0,"Apple Watch Series 11, Ultra 3 e SE 3: as MAIORES novidades e preÃ§os REVELADOS!",2025-08-25 21:30:05+00:00,Matheus Kise
cDaO1sAb1i0,MKBHD On Apple vs Samsung ğŸ“±,2025-08-25 21:00:43+00:00,Hackworld
EkUg3NRKGfU,iPhone 17 / 17 Air / 17 Pro - WSZYSTKO juÅ¼ wiemy! Apple zaskoczy cenÄ… w Polsce?,2025-08-25 16:20:23+00:00,Mateusz Krawczyk
Qqw7Zyt2tVY,ğŸ“š iPhones laufen so flÃ¼ssig: Aber was macht Apple bei iOS anders? | WWWT | #Shorts,2025-08-25 15:27:58+00:00,DasIstJay
WHg_NifOjeA,Ilyen az iPhone 17 Pro #iphone  #iphone17pro #apple #tech #design #iphone17 #timcook #smartphone,2025-08-25 14:03:00+00:00,Andras Horvath
sdnfI4GWDuQ,Every Apple computer includes a small middle finger to The Beatles,2025-08-24 22:02:50+00:00,Pop Culture Brain
9H-p1mkXPFA,iPhone 17 Pro Max Trailer Official Look Launch | Apple Event,2025-08-24 17:59:53+00:00,DrTech
HFxDBAR_VKc,Apple Pay: How To Make It (Really) Useful,2025-08-24 16:56:45+00:00,Nikias Molina
xIEKks-L4Bs,MKBHD On Apple Slowing Batteries ğŸ“±ğŸª«,2025-08-22 21:01:00+00:00,Hackworld
uibgf1tPEjw,Apple Gambled Everything on This Ad,2025-08-22 19:40:01+00:00,NoGood
ENNEV5uDUQA,RUSTORE HA IPHONE - Ğ‘Ğ£Ğ”Ğ•Ğ¢! APPLE Ğ”ĞĞ“ĞĞ’ĞĞ Ğ˜Ğ’ĞĞ•Ğ¢Ğ¡Ğ¯ Ğ¡ Ğ ĞĞ¡Ğ¡Ğ˜Ğ•Ğ™!?,2025-08-22 18:35:12+00:00,Wylsacom
6mafN4XsnWM,The Devil&#39;s Apple ğŸ¥”,2025-08-22 17:38:44+00:00,Farzan Films
sQeTJqNNigk,Asi es como converti mi MacBook Pro en una MacBook Ultra #apple #mac #macbook #amazon,2025-08-22 16:01:30+00:00,Ross Mendoza
NseRJ4Tpg9E,Apple Needs Samsung? MKBHD Says Yes â€“ Hereâ€™s the Truth,2025-08-22 13:27:41+00:00,NextGen Tech Bits
tcEMiPJFXhQ,iPhone 17 Leaked By Apple! New Features Revealed!,2025-08-21 23:21:23+00:00,AppleTrack
SwR56iRTe_s,Apple Watches Are Bullsh*t?,2025-08-21 16:20:58+00:00,Sean Nalewanyj
4duHzE4Abzs,Best Apple Ecosystem For Students 2025,2025-08-21 16:00:13+00:00,Qasim Zafar
c4qDZGkjiZQ,iphone17ã® ãƒªãƒ¼ã‚¯ã§ã¾ã—ãŸï¼ï¼93%ã“ã‚Œã«ãªã‚Šã¾ã™ç¬‘#iphone #apple #iphone17 #17air,2025-08-21 11:59:28+00:00,ãƒ™ãƒ³ã‚¼ã‚¤ãƒ³
Cr5Ewj_5Bgs,å…¬é–‹è™•æ±ºApple ğŸ”¥ 5åˆ†é˜ç²¾è¯ Google Pixel 10 Pro ç™¼ä½ˆæœƒ 2025  âœ¨ç¸½çµ æ‡¶äººåŒ… ğŸ’« Pixel 10 Pro Fold Watch 4 Buds 2a ä¸­æ–‡,2025-08-21 02:57:02+00:00,Edwin H.
a2XrlquR0cI,What IPhone 17 Iâ€™m Buying.. #carterpcs #tech #techtok #iphone17 #apple,2025-08-21 00:01:18+00:00,CarterPCs
MaBhZw7pE2Q,Mark Zuckerberg Roasts Apple ğŸ¥¶,2025-08-20 21:00:21+00:00,Hackworld
ND2zX5z75Ks,Appleâ€™s New Smart Cameras Will Change Everything! ğŸš¨ (Ring Killer?),2025-08-20 18:51:34+00:00,AppleInsider
hEalzEnT70k,No Frame Missed | Apple,2025-08-20 14:02:00+00:00,Apple
X7Y262xvV94,How to shoot stable videos with hand tremors #Shorts,2025-08-20 14:01:42+00:00,Apple
aKPXMlu4KzQ,No Frame Missed | Apple #Shorts,2025-08-20 14:01:51+00:00,Apple
Klq88ERaGuM,The Morning Show â€” Season 4 Official Trailer | Apple TV+,2025-08-20 13:59:57+00:00,Apple TV
lrZI63Au1Ew,Cheapest Apple Product!,2025-08-20 12:17:25+00:00,Counting Unique
sTegIWo4Rqk,Products That Apple Never Released ğŸ’€,2025-08-20 00:34:11+00:00,Lando Kalriz
Ecien0w4u0M,Apple&#39;s M5 MacBooks are INSANE - 5G Cellular CONFIRMED!,2025-08-19 14:46:25+00:00,Max Tech
vpd-9wxh1XA,Apple employee spotted with an IPHONE 17?? #carterpcs #tech #techtok #iphone17 #apple,2025-08-19 00:01:40+00:00,CarterPCs
KmQsStYdyiY,iPhone 17 Series Exclusive First Look - Crazy New Upgrades ComingğŸ”¥ğŸ”¥ğŸ”¥,2025-08-18 12:22:12+00:00,Technical Guruji
isP2n6DBgz8,How cool is this vintage 2002 iMac G4 ğŸ¤© #vintage #imac #apple #imacg4,2025-08-17 22:36:11+00:00,Brad Canning
s0YrJJXoFKA,Introducing iPhone 17 Pro Trailer Official Design | Apple Event,2025-08-17 19:57:12+00:00,DrTech
s9LkBgUYlG8,Make Apple Fries Instead of French Fries ğŸğŸŸ My Kid Went Crazy! #shorts #foodchallenge,2025-08-17 14:26:58+00:00,Royal Quinn
AfMwgtG1BTk,I Tried Buying Apple Products From TEMU,2025-08-16 15:33:11+00:00,SarahGrace
5SEWMV2zvnU,El RIDÃCULO de Apple y su IA,2025-08-16 14:15:01+00:00,Alejandro PÃ©rez
JUG1PlqAUJk,Apple&#39;s Greed Is Finally Backfiring,2025-08-15 21:35:56+00:00,Apple Explained
9aFsFXrlisk,iPhone 17 Pro Max VS iPhone 16 Pro Max,2025-08-15 20:02:40+00:00,DrTech
sXh6uVmJsHc,Someone planted an apple tree on the road in the village #apple #tree #viralvideo,2025-08-15 02:50:01+00:00,facto bolte1212
MkKOunFhQnw,A for apple | à¤… à¤¸à¥‡ à¤…à¤¨à¤¾à¤° | abcd | Abc phonics song nursery rhymes,2025-08-15 02:30:30+00:00,Kids Gyan
MQ8a-_7ckrc,Ich bin von Spotify zu Apple Music gewechselt! ğŸ˜ ,2025-08-14 15:00:42+00:00,DerTechnikmeister
MgyzmlpvTWM,"ğŸ Apple vs à°†à°ªà°¿à°²à± à°¸à°¿à°¨à°¿à°®à°¾,à°à°µà°°à± à°—à±†à°²à±à°¸à±à°¤à°¾à°°à±..?  #trending #viral #usa #apple  #CineVsTech #applevsapple",2025-08-14 10:29:20+00:00,Prasadtechshorts
YwYbt_Yskl4,Ğ’ iPhone 17 Pro Ğ¸Ğ·Ğ¼ĞµĞ½Ğ¸Ñ‚ÑÑ Ğ’Ğ¡Ğ•! #apple #shorts,2025-08-14 09:00:48+00:00,UNIT | Ğ®ĞĞ˜Ğ¢ | IPHONE 16
MJJUnfzjdQM,Rudra AppleğŸ leke Bhag Gya #shorts #viral #apple #funnyvideos,2025-08-14 01:38:22+00:00,Ranwa Family
MtmF9al1keY,He Kicked the Treeâ€¦ APPLE CHAOS! #emotionalshorts #funny #trending #usa #capybara,2025-08-13 23:35:44+00:00,Bara&Egg
CKEd17kSUk8,"Apple September 9 Event LEAKED! iPhone 17, AirPods Pro 3 &amp; MORE!",2025-08-13 22:09:08+00:00,AppleTrack
tR7eB4uLdCs,"a for apple  , #shorts #ramujahreela @YouTube",2025-08-13 02:30:45+00:00,Ramu jahreela 
mYBrZjqhZqA,A $600 MACBOOK! #apple,2025-08-12 20:33:54+00:00,GregsGadgets
QkxXuu7wIuY,"Toddler Learning Video | Animals + Songs, Counting, Phonics, Colours | Farm, Dinosaurs &amp; Minibeasts",2025-08-12 16:20:32+00:00,Ms Apple ğŸ
dPegXLfDQ3Y,A for apple | à¤… à¤¸à¥‡ à¤…à¤¨à¤¾à¤° | abcd | phonics song | abcd song,2025-08-12 00:09:37+00:00,ABC Kiddie Rhymes
HN3mfWtz9x4,iPhone 17 Pro - True Game Changer In Making?,2025-08-11 13:18:55+00:00,Technical Guruji
83wJxCYjI6E,iPhoneãŒæ­»ã¬æ—¥ã¾ã§â€ã‚ã¨ï¼”ãƒ¶æœˆâ€ã€ã‚¹ãƒãƒ›æ–°æ³•ã€‘,2025-08-11 10:59:41+00:00,Appleä¿¡è€…ï¼‘å„„äººå‰µå‡ºè¨ˆç”»
Lo7gWUyzYOs,Apple MacBook Air M4 Test Fazit nach einer Woche,2025-08-10 14:46:24+00:00,Technikfaultier
rUPnmtvDqj8,The Apple Incident,2025-08-09 20:21:17+00:00,bassetfilms
HcvF3XFlHeM,CarPlay Ultra Review - The Closest thing to an Apple Car!,2025-08-08 22:51:59+00:00,Auto Focus
t_Hn5v_v6OY,iPhone 17 Pro Max Unboxing #iphone17 #apple #iphone #shorts,2025-08-08 18:15:36+00:00,Technizo Concept
8KcBzmDPgJE,Apple Software is Changing FOREVER!,2025-08-08 15:17:01+00:00,GadgetMatch
Uiubs7-URYU,Apple vs Google: Whoâ€™s More Intelligent?,2025-08-08 14:00:33+00:00,Pete Matheson
ACKsNAFUTKM,Apple Watch Ultra 3 Is FINALLY Changing! â€“ Hereâ€™s Everything You Need to Know,2025-08-08 13:00:31+00:00,9to5Mac
QBMP1suYAe0,Google Roasted Apple ğŸ˜‚ğŸ˜‚ğŸ˜‚,2025-08-08 10:07:35+00:00,TechDroider Clips
BCooFGfDkMI,How Apple ended their beef with President Trump #carterpcs #tech #techtok #trump #apple,2025-08-08 00:01:24+00:00,CarterPCs
3Qq4wkCJd8Y,"So stark wird die Apple Watch Ultra 3! (Blutdruck, 5G &amp; mehr) &amp; iPhone 17: Das Datum steht!",2025-08-07 16:57:41+00:00,JOCR
5NI02VXCqXo,Apple&#39;s CEO keeps the peace with Trump,2025-08-07 03:35:53+00:00,MSNBC
4T2EAoIsSH8,"Apple CEO Tim Cook Gifts Trump US-made Apple glass with 24K gold stand, Made in Kentucky",2025-08-06 23:20:58+00:00,ANI News
cCugZ9ad1Og,Tim Cook responds to feasibility of a fully made-in-the-USA iPhone,2025-08-06 22:26:34+00:00,NBC News
j1Wv8tE_qmI,iPhone 17 Pro â€“ Ğ½Ğ¾Ğ²Ğ¸Ğ¹ Ğ´Ğ¸Ğ·Ğ°Ğ¹Ğ½ Ñ– ĞºĞ°Ğ¼ĞµÑ€Ğ° Ğ¼Ğ°Ğ¹Ğ±ÑƒÑ‚Ğ½ÑŒĞ¾Ğ³Ğ¾! #shorts,2025-08-06 13:19:30+00:00,Svidomy
JIvc-YcbsTA,Apple September Event Preview!,2025-08-05 22:07:55+00:00,GregsGadgets
FRXzYTOHGM0,Nishujeet ko ye kya hogya ğŸ˜± #shorts #ytshorts #viralvideos #apple,2025-08-05 12:33:08+00:00,Nishu jeet aarya
ScJcKHdt_dE,iPhone 17 ÑÑ‚Ğ¾ Ğ¿Ñ€Ğ¾Ñ…Ğ¾Ğ´Ğ½ÑĞº - Ğ¿Ğ¾ÑĞ»ĞµĞ´Ğ½Ğ¸Ğµ ÑĞ»ÑƒÑ…Ğ¸. Ğ˜Ğ»Ğ¸ Ğ½ĞµÑ‚? Ğ Ğ°Ğ·Ğ±Ğ¸Ñ€Ğ°ĞµĞ¼ÑÑ!,2025-08-04 18:36:46+00:00,Wylsacom
L-JWp7sIU0s,"Ğ¢Ñ‹ 1000% ĞšĞ£ĞŸĞ˜Ğ¨Ğ¬ iPhone 17 Pro Max... Ğ’Ğ¾Ñ‚, Ğ¿Ğ¾Ñ‡ĞµĞ¼Ñƒ!",2025-08-03 15:40:47+00:00,Ğ¯Ğ±Ğ»Ğ¾Ñ‡Ğ½Ñ‹Ğ¹ ĞœĞ°Ğ½ÑŒÑĞº
-z59u_PC3Vk,iPhone 17 Leak: FINAL Design?! ft @mkbhd | @Apple,2025-08-03 15:12:58+00:00,Jamilou
0Fn09q3iQDk,Do Not Buy An Apple Watch Now! Series 11 &amp; Ultra 3 Rumors!,2025-08-03 15:01:29+00:00,Craig's Tech Talk
-djae3I24DE,ì• í”Œì´ ì •ë§ë¡œ ì´ê±¸ ë‹¤..??? ì•„ì´í° 17 ì‹œë¦¬ì¦ˆ ì¶œì‹œ ì†Œì‹ ì´ì •ë¦¬!,2025-08-03 05:00:00+00:00,ì£¼ì—° ZUYONI
085ncM50X-I,Itâ€™s time to upgrade your Apple WatchâŒšï¸ğŸ˜ˆ #apple #watch #applewatch #applewatchse #applewatchband,2025-08-02 18:54:13+00:00,Apple Mod
FHS_BoHfDfc,ğŸ¤®ğŸ The Kitten Ate a Strange Appleâ€¦ Then Chaos Broke Out in Class! #aicat#catshorts#cat,2025-08-02 07:08:17+00:00,Meow House
QVSrsgR2SFU,"Will you buy a $2,000 Apple Foldable? #carterpcs #tech #techtok #apple #applefoldable",2025-08-01 20:01:13+00:00,CarterPCs
qCrIwry8zSI,KPOPPED â€” Official Trailer | Apple TV+,2025-08-01 12:59:51+00:00,Apple TV
0fY15nSNiA8,Me Vs Shopkeeper ğŸApple VS Protein Powder ğŸ˜‚ #minkutinku #shorts #comedy #funny #ashortaday,2025-08-01 07:36:16+00:00,Minku Tinku
unE4a2LZ50o,"El PODER del Ecosistema de AppleğŸTODO los ue PUEDES hacer (iPhone, iPad, Mac Apple Tv...)",2025-07-31 17:01:24+00:00,Cristo Vega
vz52ldCm4RQ,Apple is manufacturing their foldable next month??? #carterpcs #tech #techtok #apple #applefoldable,2025-07-31 14:04:18+00:00,CarterPCs
wYzXxQAG_Ak,"How to Make Google, Apple, Pepsi &amp; McDonald&#39;s Logos Using Orbeez, Coca Cola vs Mentos and Sodas",2025-07-30 06:00:46+00:00,Toys King
kkKmihyEx4Y,2025 Apple TV 4K: All Upcoming Rumored New Features!,2025-07-29 16:16:54+00:00,MacRumors
XSDHjkuwaic,The Lost Bus â€” Official Trailer | Apple TV+,2025-07-29 15:59:47+00:00,Apple TV
w6mRrO7m9Qg,Apple-event komt eraan! Dit kun je verwachten ğŸ˜±,2025-07-29 12:01:48+00:00,Bright
DhHLp4XDB14,Apple AI vs Galaxy AI vs Xiaomi AI âš”ï¸ Whoâ€™s Got the Smartest Phone? #appleai #galaxyai #xiaomiai,2025-07-28 13:33:00+00:00,Custom Adventurist
kHhwwN360QI,Why this Apple will never die?,2025-07-27 22:56:27+00:00,Zver
4u7TfmKR7NI,MKBHD Clowns Apple Over AirPods Max ğŸ§,2025-07-27 21:00:07+00:00,Hackworld
fPKUXzz0gXs,Apple steckt voll in der Krise - Was ist passiert?,2025-07-27 13:30:39+00:00,Einfach ErklÃ¤rt
EqomjGTg9IA,Apple ğŸ mang liya to jor se rone lga ye kya h bhai #apple #help #animation,2025-07-26 11:36:58+00:00,Sarswa Stories
bKGAaEdyoJg,ã€Appleã¯ã‚‚ã†ã‚¯ãƒ¼ãƒ«ã˜ã‚ƒãªã„ã€‘AIé–‹ç™ºãŒã€Œå‘¨å›é…ã‚Œã€æ–°å‹&quot;Siri&quot;ã¯æœªå®Œæˆï¼ãƒ—ãƒ©ã‚¤ãƒã‚·ãƒ¼é‡è¦–ã¯è¨€ã„è¨³ï¼æ¬¡ã®ç›®ç‰ã¯ARã‚°ãƒ©ã‚¹ï¼Bloombergè¨˜è€… ãƒãƒ¼ã‚¯ãƒ»ã‚¬ãƒ¼ãƒãƒ³ã€WORLD DECODERã€‘,2025-07-26 08:00:41+00:00,TBS CROSS DIG with Bloomberg
Uep2zpp_KzI,à®†à®ªà¯à®ªà®¿à®³à¯ à®ªà®´à®®à¯ à®ªà®¾à®Ÿà®²à¯ (Apple Song For Kids) - Tamil Rhymes in 4K for Kids | ChuChu TV,2025-07-26 07:00:24+00:00,ChuChuTV Tamil
bmXWLEZYTAU,How to buy an individual replacement AirPod you lost #carterpcs #airpods #apple #tech,2025-07-26 00:02:05+00:00,CarterPCs
9HOXrh2cMXQ,Appleâ€™s $649 MacBook Is Coming!,2025-07-23 17:40:38+00:00,ZONEofTECH
J3DEA57zqzs,Apple Vs. Samsung Store!,2025-07-23 12:10:30+00:00,Counting Unique
qCwTScmhBm4,ğŸ“² Das sind die neuen iPhones - ein neues Design und was Apple bald zeigt | DasIstJay | #Shorts,2025-07-22 17:09:08+00:00,DasIstJay
RIX7q3eSVrU,Apple from Different Countries!,2025-07-21 14:04:47+00:00,Counting Unique Shorts
A_h4A8caCTM,Apple Design: why we keep coming back to this?,2025-07-21 13:40:41+00:00,Design Lovers
Svy6pH10yKU,ğŸ¤®ğŸ The Kitten Ate a Strange Appleâ€¦ Then Chaos Broke Out in Class! #aicat#catshorts#cat,2025-07-21 06:10:02+00:00,Catmeow
wOEzgEjcSEI,AsÃ­ funciona Apple Intelligence | Apple,2025-07-19 10:02:41+00:00,Apple EspaÃ±a
a6RX9kJ01Kw,Apple Intelligence | Clean Up Photos: Cat | iPhone 16,2025-07-17 16:04:53+00:00,Apple
pQkCa5WFhQM,Jeff&#39;s Apple-y Ever After ğŸ | Oddbods Full Episode | Funny Cartoons for Kids,2025-07-17 16:01:26+00:00,Oddbods - Official Channel
Ij1Q79a7ShA,Apple Intelligenceã‚’ä½¿ã£ã¦ã¿ã‚ˆã† | Apple,2025-07-17 15:00:13+00:00,Apple Japan
Y30aZsxhJy8,"Oh no, Apple definitely won&#39;t like this",2025-07-15 16:41:27+00:00,Oliur / UltraLinx
34MLvfEpuqM,iPhone 16 Pro Max VS Samsung Galaxy S25 Ultra Unboxing - ASMR,2025-07-15 13:13:33+00:00,Dr Debox
jmtuxdxRxgI,Apple made Custom Cameras for the F1 Movie! ğŸ‘€,2025-07-15 00:25:00+00:00,TechLect
InQeXm3bLJE,Apple&#39;s Upcoming M5 Is A Trap,2025-07-14 19:39:32+00:00,Tailosive Tech
InpMkMEIGhQ,Apple Sells SINGLE AirPods,2025-07-14 00:17:06+00:00,Nathan Espinoza
IvUG48R6aeM,Coisas que ODEIO nos IPHONES !!!,2025-07-11 09:32:26+00:00,TecnoGeek
-Ip2BiXcrMw,Filmada con iPhone 16 Pro | El lazo de Petra | Apple,2025-07-11 01:00:01+00:00,Apple MÃ©xico
jjd1hrPE0z8,NUNCA ROUBE UMA LOJA DA APPLE! #shorts,2025-07-10 15:05:26+00:00,LÃ©o Crunfli
XPtSj8SgFmc,"(ğŸ Paper DIY ğŸ) Apple X Capybara Blind Bag 1000$ | Iphone, Ipad, Macbook | ASMR",2025-07-09 10:01:02+00:00,Mimi Paper
mk0R5DkOx5s,What Apple Liquid Glass Will Be Like in 2030,2025-07-09 06:06:30+00:00,Scene
QH-tPtcPbCI,A APPLE VAI LANÃ‡AR O IPHONE 20! #shorts,2025-07-07 15:05:18+00:00,LÃ©o Crunfli
7jGU0wPOKzc,Why you canâ€™t steal from an Apple Store!,2025-07-07 13:38:24+00:00,Mrwhosetheboss
Aw5y5rGQlXs,Apple a rendu l&#39;iPhone illisible (et c&#39;est voulu),2025-07-06 16:00:28+00:00,LÃ©o Duff
68eAMjWqOUQ,Apple Watch Series 10 Review - 6 Months Later,2025-07-06 14:29:14+00:00,6 Months Later
wakSW92SGeA,MacBook Air M4 15&quot; Unboxing - ASMR,2025-07-06 11:49:55+00:00,Dr Debox
nlSwSeFReQc,Apple Weapon Vs Samsung Weapon ğŸ”«ğŸ’€ #samsung #shorts #blowup #edit #foryou,2025-07-05 04:00:55+00:00,Photography Master
_77dg6ReiTs,à¦¬à¦¿à¦­à¦¿à¦¨à§à¦¨ à¦«à¦²à§‡à¦° à¦¨à¦¾à¦® à¦¬à¦¾à¦‚à¦²à¦¾ à¦“ à¦‡à¦‚à¦°à§‡à¦œà¦¿à¦¤à§‡ | Learn name of Fruits in Bengali &amp; English | Fruits name for kids,2025-07-04 01:30:25+00:00,Kids Education Hub
pARCt8FCNyY,"Iphone 17 Pro max Vs Samsung S25 Ultra and Vivo,oppo,Google pixel,Motorola, Huawei,LG",2025-07-01 06:52:00+00:00,UNLOCK MASTER 
ynJVkf3jrfE,El INQUILINO favorito de APPLE ğŸ’°ğŸ“±ğŸ” #safari #negocios #google #historia #finanzas #curiosidades,2025-06-30 23:50:49+00:00,InvierteConPepe
_XHIgeIHZEU,ã€2025 æœ€æ–°ã€‘10 å€‹ Apple watch éš±è—åŠŸèƒ½ï¼é€™æ¨£ç”¨æ‰ä¸æµªè²»ï½œå½¼å¾—æ£®,2025-06-30 12:10:43+00:00,å½¼å¾—æ£®
UtF26eRBBGs,KarÅŸÄ±nÄ±zda iPhone 17 Pro Max ğŸ˜²,2025-06-29 18:55:41+00:00,Erdi Ã–zÃ¼aÄŸ
NCJ_05Gc3gw,The Best Way To Apple Cutting ğŸ #reels #tiktok #feed #instagood #fruit #apple,2025-06-29 07:00:34+00:00,Tasty Slice
Dawd03qoq7U,Sugar Apple on Stock #roblox #growagarden,2025-06-27 11:14:20+00:00,Corny Shorts
7Tg-mLIPjhI,ToRung comedy: apple tree ğŸ˜‚,2025-06-26 03:00:05+00:00,ToRung
md83PV2j_VU,ABC Phonics Song : A is for Apple ğŸ | Nursery Rhymes for Toddlers in English,2025-06-26 02:16:19+00:00,Little Marvel Kids
q16bQaioCi8,Abc with four Words | A For Apple | ABC Alphabet Song with Sounds for kids |Learn Alphabet A to Z,2025-06-25 10:27:34+00:00,Ztoons Educational videos 
fym6g7EECyo,Apples &amp; Bananas Grocery Store Song! | CoComelon Nursery Rhymes &amp; Kids Songs,2025-06-24 07:00:39+00:00,Cocomelon - Nursery Rhymes
rJd57--Zt60,iPad 2025 mit A16 (11.Gen) - Review | Wie gut ist Apples neues gÃ¼nstigstes iPad?,2025-06-22 13:55:39+00:00,Apfelwelt
9bblnG3CV0M,GROW A GARDEN sa (ROBLOX) Sugar Apple Seed nakuha ko na!,2025-06-21 01:00:08+00:00,STEPHEN
ejdEVTOCVBs,APPLE TÃ DE CARA NOVA,2025-06-20 15:01:17+00:00,CORTES - Leon e Nilce [Oficial]
KqFlGY2zEOk,I Recreated LIQUID GLASS in Blender #apple #liquidglass #animation #tech #render #design #blender,2025-06-20 07:29:11+00:00,Pastini
mBcPjkaymK4,Dog&#39;s Apple Love Meal! Watch Big-Eyed  Pup Care for Baby! ğŸğŸ¶ğŸ‘¶#shorts #cute #dog,2025-06-20 00:40:05+00:00,Pouty Frenchie
QULuekzEHv8,The cat on the banana plane destroyed the apple tank built by the poor dog and his puppy #dog #ai,2025-06-19 00:57:01+00:00,Ai story maker 
HVuB_LoUE7Q,Shot on iPhone 16 Pro | Big Man - Behind The Scenes | Apple,2025-06-18 19:11:01+00:00,Apple
AUrLMJQf2Bw,Shot on iPhone 16 Pro | Big Man - Starring Stormzy | Apple,2025-06-18 19:10:36+00:00,Apple
g5SedZoaOoU,How Apple tried to take out Spotifyâ€¦ and failed #c#carterpcst#techt#techtoktechfacts #apple #spotify,2025-06-15 20:01:51+00:00,CarterPCs
G-qyE-FBWm8,Whoop 5.0 vs Apple Watch - Don&#39;t choose the wrong one.,2025-06-15 16:38:56+00:00,Oliur / UltraLinx
kSPdpiExv4Y,EKSKLUSIFğŸ˜±â‰ï¸ Keliling APPLE PARK: Kantor PALING KEREN di DUNIA Yang Super HIJAU dan FUTURISTIK ï£¿ğŸ‡ºğŸ‡¸,2025-06-15 11:01:12+00:00,Leonardo Edwin
K8YrqZ-H_ko,Chegou o IOS 26! Ã‰ surpreendente o que tem de novo!! #apple #iphone #shorts,2025-06-13 21:00:20+00:00,Brenaoo OFICIAL
B93UVj8MaWo,Screenshots become events. Just like that. #Shorts,2025-06-12 15:49:10+00:00,Apple
qO-Ctcvrd4s,I Tried Apple as a Windows Person for a Year,2025-06-12 07:21:46+00:00,Juxtopposed
yEsgrQmeT68,"Translate your convos live. Yes, live. #Shorts",2025-06-11 15:53:22+00:00,Apple
SYRIMShxzXc,How is the Apple Pencil Pro different?,2025-06-11 14:01:10+00:00,CarterPCs
-3iQc-Bsl8M,Apple ğŸ or orange ğŸŠ squid game |#monikaprabhu | #shorts | Monika Prabhu,2025-06-11 05:18:24+00:00,Monika Prabhu
NTLk53h7u_k,"Apple Execs Defend Siri Delays, AI Plan and Apple Intelligence | WSJ",2025-06-10 22:04:06+00:00,The Wall Street Journal
SZJQMYUkRFs,See ya later to spam texts and calls. #Shorts,2025-06-10 15:59:57+00:00,Apple
2jzeoBl00gU,iOS 26 âœ¨ Top 10 Features ğŸ¤© #ios26 #apple #wwdc WWDC 2025,2025-06-10 14:30:03+00:00,Raj Photo Editing and Much More
ToLaKsHvlKI,Craig Being The COOLEST Apple Exec at WWDC 2025,2025-06-10 00:00:28+00:00,Pirated Sardar
jGztGfRujSE,Introducing Liquid Glass | Apple,2025-06-09 18:52:36+00:00,Apple
ChA6jxuUU3s,Big things coming to iPad. #Shorts,2025-06-09 18:51:18+00:00,Apple
9A9XYerlCyQ,Wanna see something gorgeous? #Shorts,2025-06-09 18:46:18+00:00,Apple
0_DjDdfqtUE,WWDC 2025 â€” June 9 | Apple,2025-06-09 18:41:33+00:00,Apple
Qz8u00pX738,New things on the way from Apple,2025-06-09 18:41:34+00:00,Apple
x-afUDayQ7Y,I got tricked by Apple by its ladder technique  #ytshorts #minivlog #apple,2025-06-09 14:39:52+00:00,wittySpace
5ZpFe6GI98U,The Truth of Apple Music ğŸ˜± ğŸ˜¬ #apple #smartphone #appleinnovations #software #applemusic,2025-06-08 00:06:00+00:00,Asher Dipprey
T_dOf0iSMXo,ğŸ à®µà®¿à®£à¯à®µà¯†à®³à®¿ à®¨à®¾à®¯à®•à®©à¯ âš¡ï¸ Apple iPhone 17 AIR First Look and ReactionğŸ”¥ + iPhone 17 Series,2025-06-06 07:04:10+00:00,Tamil Tech - MrTT
hIR3qpDlqVU,The Most USELESS Apple product ğŸ“±âŒ #ipad #apple,2025-06-05 17:25:55+00:00,SarahGrace
wXfmfufjwKQ,"ABC Song Phonics - Toddler Learning A for Apple , Number Song , Babies , Colour, Shapes, 123 , abc",2025-06-05 15:14:26+00:00,Super Quack - ABC Songs
eVA9W8AjWLE,Por quÃ© el logo de Apple tiene un mordisco,2025-06-04 17:34:33+00:00,Flipadatos
Io1V7eXcPUc,Mac | Lessons | Apple,2025-06-03 18:40:10+00:00,Apple India
qmKyxOEjwEU,O IPHONE 17 JÃ Ã‰ UMA DECEPÃ‡ÃƒO! #celular #iphone #apple #iphone17 #shorts,2025-06-03 15:43:26+00:00,Ultra Tech
2O7vwFcJfKY,The big pigeon plants an apple tree and brings it in a tractor ğŸ˜­ #ai #pigeon #apple #tree,2025-06-03 13:33:16+00:00,moon hindi animation 
gLxW5-HsUuk,iPhone17ã¯ã€Œéå»æœ€é«˜ã€ã®é€²åŒ–ã‚’å®Ÿç¾ï¼Ÿ #iPhone17 #iPhone17Air #iPhone #Apple,2025-05-30 12:02:03+00:00,ã“ã«ãŸã / nikostyle
aDkoXh9D598,New iPhone DESTROYED on the First Day! ğŸ˜±ğŸ’” #shorts #iphone16 #moneytalkswireless #apple,2025-05-28 13:26:09+00:00,MONEY TALKS WIRELESS
WSN4BMp-TTk,iPad Pro vs. iPad Air - Which Should You Buy in 2025?,2025-05-25 13:26:40+00:00,6 Months Later
6Tm7zeO8X1c,Im iPhone 16e steckt alles was bei Apple falsch lÃ¤uftâ€¦,2025-05-25 08:00:06+00:00,Felixba
AiWLxbKtrxo,iPhone 17 Series à°‡à°• à°‡à°‚à°¡à°¿à°¯à°¾à°²à±‹à°¨à±‡ #IPhone #Apple#trending,2025-05-22 12:44:17+00:00,VaasuTechVlogs
ffxDpOuAlDg,Meet iOS 19 | Apple,2025-05-21 14:30:25+00:00,Concept Central
2a_b2rIe11k,Ğ­Ñ‚Ğ¾ Ğ½Ğ¾Ğ²Ñ‹Ğ¹ iPhone 17 Pro Max! #apple #iphone17promax,2025-05-20 13:00:12+00:00,Ğ¢Ğ•Ğ¥ĞĞĞ‘Ğ›ĞĞ“Ğ•Ğ  ĞĞ›Ğ˜Ğ¨Ğ•Ğ 
vSKik_X_FjQ,Appleâ€™s iPhone 17 Series Will Be Totally Different  !,2025-05-18 18:26:32+00:00,Tech Burner
R3rBlZGEssw,Magnifier on Mac | Apple,2025-05-15 16:02:04+00:00,Apple
D7qh5stGXRc,"Apple, Explain This Update Please ğŸ¤­ğŸ¤£ğŸ¬ #apple #shorts",2025-05-15 14:24:25+00:00,YANA CHIRKINA
rzfpbVzSBFg,Aston Martin x Apple CarPlay UltraÂ® | Next generation of automotive connectivity,2025-05-15 12:33:25+00:00,Aston Martin
w3Y2P7Xsi88,Hehe ğŸ Smallest Apple Gadgets ğŸ˜‚|,2025-05-13 10:08:24+00:00,Ak Ultra
SzXJPxG6_9A,Hands on with Apple Intelligence | Apple,2025-05-13 09:46:25+00:00,Apple India
pmyBHUIrQic,Mac | Mirrored | Apple,2025-05-12 16:30:25+00:00,Apple
D-UGw9c-H64,Mac | Dropped In | Apple,2025-05-12 16:30:20+00:00,Apple
6Ad5LRNekX0,"ABC Song Phonics - Toddler Learning Video , A for Apple , Nursery Rhymes , Alphabet song , ABC Song",2025-05-09 07:25:03+00:00,Super Quack - ABC Songs
ymzaANwh8Rk,Why Apple TV 4K is Worth Buying in 2025 (Even with a Smart TV) âœ¨,2025-05-04 13:13:00+00:00,Faiz Aly
GGMhQkHCjxo,Hands on with Apple Intelligence | Apple,2025-05-02 20:10:43+00:00,Apple
2qKQVqwc9yU,The Apple Ecosystem Secrets I Wish I&#39;d Known Earlier!,2025-05-02 16:32:38+00:00,Better Creating
3oPRZ5-buQg,A for apple |Phonics song |Abcd Rhymes |à¤ à¤«à¤¾à¥…à¤° à¤à¤ªà¥à¤ªà¤² |A for apple B for ball #kidssongâ€‹,2025-04-29 12:00:05+00:00,Isha Toytv
h6prMMHi9Vw,Apple Penne - HD Video Song | Roja Kootam | Srikanth | Bhumika | Bharathwaj | Vairamuthu,2025-04-26 11:30:37+00:00,Star Music Spot
gdR32VJQ6aE,iPhone 16 Ceramic Shield | Trust Issues | Apple,2025-04-24 16:00:08+00:00,Apple
iL88A5F9V3k,Apple Intelligence | Clean Up Photos: Flex | iPhone 16,2025-04-21 16:00:19+00:00,Apple
QWwWxI_9Qb0,A for apple | à¤… à¤¸à¥‡ à¤…à¤¨à¤¾à¤° | abcd | phonics song | Alphabets | Pooja Kids Study,2025-04-18 00:30:17+00:00,Pooja Kids Study
O1fB2RgU4fE,Low Glare | Mac does that | Apple,2025-04-16 16:09:48+00:00,Apple
xqPh6cu3UtA,iPhone 16 Pro âš”ï¸ Galaxy S25 ULTRA âœ¨ O Comparativo MAIS COMPLETO do YouTube,2025-04-13 18:37:29+00:00,Alex Gear & Tech Brasil
aWu-LKHqC3w,Emergency SOS on Apple Watch | Rickâ€™s Rescue | Apple,2025-04-09 19:55:02+00:00,Apple Australia
p8q0dxh0H_E,Chike - Apple (Official Video),2025-04-09 16:00:06+00:00,ChiKeOfficialVEVO
pFQJd-rmIlA,Apple logo evolution ğŸ—¿,2025-04-09 13:40:45+00:00,Zdak
QoHU9j9Ql68,APPLE VS ANDROIDğŸ’€ #Shorts #Ğ“Ğ»ĞµĞ½Ñ‚,2025-04-09 13:00:41+00:00,Ğ“Ğ›Ğ•ĞĞ¢
fYPuqdqrsbk,Meru kuda apples ilane tintunnarağŸ¤” #trending #youtubeshorts #friends #sad #rich #poor #love #apple,2025-04-09 12:15:04+00:00,Anil Kumar Masani
pX8U3bM_OSM,iPhone 17 Pro Max Early Hands On,2025-04-08 14:12:23+00:00,Unbox Therapy
Ha7mS9DqBBk,He made chocolate apple for monster ğŸğŸ‘» #shorts,2025-04-08 10:54:00+00:00,Yoeslan
CAkHnsUt0_s,I Got Firedâ€¦ So I Ate Everything! ğŸ¤¤ (Apple Products ASMR),2025-04-07 15:21:28+00:00,Spizee
qRREMdztaVM,@mkbhd  vs Folding iPhones! #iphone17,2025-04-07 15:10:28+00:00,Tech podcasts
TwvTk7EB5lA,(your) APPLE à¹€à¸˜à¸­...à¸—à¸µà¹ˆà¸£à¸±à¸à¸‚à¸­à¸‡à¸‰à¸±à¸™ EP.1 Eng Sub,2025-04-04 14:00:06+00:00,Kongthup Channel
wFKEA1slvLI,Apples roast gone wrong ğŸ˜‚ #samsung #apple #edit #shorts,2025-04-01 18:49:32+00:00,skullmaxx
gEV8kjtn5QA,How Appleâ€™s Face ID Works ğŸ¤”,2025-04-01 12:30:42+00:00,Zack D. Films
vUEez2818sE,"ABC Phonics Song - Toddler Learning Video Songs , A for Apple , Nursery Rhymes , Alphabet song",2025-04-01 02:30:37+00:00,Super Quack - ABC Songs
v0Oi57advjo,Phonics Song ABCD A for Apple B for Ball C for Cat ABCD One Two Three Phonics Alphabet a to z,2025-03-31 12:19:49+00:00,RS Kids Class
IqSGXDKD3uE,ğŸ˜ AI à®šà®£à¯à®Ÿ à®šà¯†à®¯à¯à®µà¯‹à®®à®¾!!! ğŸ”¥ Apple AI Vs Samsung AI #shorts #apple #samsung #ai,2025-03-31 03:53:26+00:00,Tech SuperStar
E1VF65iXPeA,Crying monk ğŸ˜­ #smartphone #ringtone #wallpaper #iphone #foryou #youtubeshorts #apple,2025-03-31 03:30:04+00:00,Calling Ringtones 
LFN5tSSI8LA,MacBook Air M4 2025 Unboxing - ASMR,2025-03-29 13:33:34+00:00,Dr Debox
fXy6K5kA7pM,APPLE esta ENDOIDANDO!!! #shorts,2025-03-26 23:15:02+00:00,Top! Tech
TXNQ01Sy6Xw,Behind the Mac: Editing Severance | Apple,2025-03-26 16:00:26+00:00,Apple
g6cIQvlOusM,"The ABC Phonic Song - Toddler Learning Video : &quot;A is for Apple a a Apple, B is for Baby b b Baby&quot;",2025-03-24 13:33:09+00:00,Super Quack - ABC Songs
2Ke0sHQ2XFQ,Ğ­Ñ‚Ğ¾ iPhone 17 Pro. Ğ˜ Ñ‚Ğ¾Ñ‡ĞºĞ°!,2025-03-21 09:05:24+00:00,Wylsacom
RPeHqrFEDdk,Making super super mini Apple storeğŸğŸ¢,2025-03-21 07:00:20+00:00,Juno Craft ì£¼ë…¸ í¬ë˜í”„íŠ¸
W1G8-Xjxpyg,Galaxy S25 Ultra vs. iPhone 16 Pro / Max. THE TRUTH HURTS!,2025-03-20 18:15:02+00:00,Alex Gear & Tech
urTfEEsGHds,"Someday, by Spike Jonze | AirPods 4 with Active Noise Cancellation",2025-03-18 10:29:33+00:00,Apple
IiHRAUOzjUY,65 Hours With The Apple Watch Ultra 2? (Battery Test),2025-03-15 05:00:13+00:00,Moby Motion
Bw9w3ssoIEw,Cute little baby wants to eat apple ğŸğŸ«€,2025-03-15 00:53:43+00:00,FUN EDITION
E3Q54A6ix4g,Apple FINALLY got this RIGHT - iPad 11 (2025),2025-03-13 13:00:20+00:00,Denki
JVJsEkGTMY0,ğŸ”´ LIVE Tesla (TSLA) &amp; Apple (AAPL) Signals | 5-min (24/7),2025-03-02 00:52:21+00:00,Infinity Algo
I-j_SMn8RRc,Meet iPhone 16e | Apple,2025-02-28 17:34:18+00:00,Apple
1WUWF636oG0,APPLE WORM ALL 105 LEVELS 1 - 105 Guide How to Complete Walkthrough,2025-02-20 20:30:00+00:00,The App Gamers
mFuyX1XgJFg,Introducing iPhone 16e - February 19,2025-02-19 16:12:20+00:00,Apple
sYWUW6B5VTM,Best Apple Unboxing CompilationğŸ“±ğŸ–¥âŒšï¸ğŸ’»âœ¨,2025-02-17 01:00:48+00:00,Juno Craft ì£¼ë…¸ í¬ë˜í”„íŠ¸
H_rDonS7l7g,"Cartoon A is for Apple, A - A Apple ğŸ for Kids | Abc Song for Toddlers | Numbers and Colors Song",2025-02-13 05:30:06+00:00,Little Marvel Kids
m5QF7_MMD4g,à¦†à¦ªà§‡à¦² à¦®à¦¾ || Apple Maa || Bangla New Natok 2025,2025-02-11 06:30:18+00:00,SWAPNA TV OFFICIAL
GYNBrcUSUT8,15 Year Apple User Switches to Samsung S25 Ultra,2025-02-08 16:01:41+00:00,Jaden Coyer
xUAxjFwHLcA,Apple iPhone vs Samsung Galaxy S Evolution,2025-02-02 16:30:13+00:00,Swipe Unbox
5J-lfgyzjXU,Real Apple vs Android ğŸ’€ #smartphone #apple #edit #foryou,2025-02-01 11:48:27+00:00,skullmaxx
Rn4E7PD2eGk,Apple Milkshake Recipe/ Easiest Way To Make Apple Juice,2025-02-01 06:14:50+00:00,Mahek's Kitchen
yV90hPNwxfU,Apple drawing ğŸ#shorts #art #drawing #youtubeshorts #shortsfeed #trending #diy #draw #easy,2025-01-30 12:57:19+00:00,Sayan Ghosh Art
HUmPIOidwoo,Leftover Apple ğŸ Eating Life Hack ğŸ©Chocolate Mousse #shorts #funny #comedy #minkutinku #lifehacks,2025-01-28 07:36:30+00:00,Minku Tinku
nNWyBjCBhyM,"A for apple  , #shorts #ramujahreela @YouTube",2025-01-28 05:30:25+00:00,Ramu jahreela 
UeZzqBbidIk,Apple Image Candy ğŸğŸ­,2025-01-27 22:00:19+00:00,Rocks & Rolls Candy
phLyoHY0Xro,Did Samsung&#39;s logo come from Apple&#39;s logo? #shorts #samsung #iphone,2025-01-20 13:30:23+00:00,Fact Empire
gnoMBxNdx_o,CÃ¡ch Láº¥y Tem NhÃ£n DÃ¡n TrÃªn Quáº£ TÃ¡o ğŸ Removing Apple Stickers| @shortworld6188 #howto #apple,2025-01-20 10:59:34+00:00,Short World
RkKAevqs09g,ãƒ‡ãƒ¼ã‚¿ã‚’è»¢é€ã—ã¦æ–°ã—ã„iPhoneã‚’è¨­å®šã™ã‚‹æ–¹æ³• | Appleã‚µãƒãƒ¼ãƒˆ,2025-01-20 01:00:19+00:00,Apple Japan
BLSyl4cbgwU,Android vs apple #shorts,2025-01-18 16:55:03+00:00,ItsDoom Editz
uPGGgmhWM1U,A for apple |Phonics song |Abcd Rhymes |à¤ à¤«à¤¾à¥…à¤° à¤à¤ªà¥à¤ªà¤² |A for apple B for ball #kidssong,2025-01-18 03:39:09+00:00,Kids Gyan
PpOLOiTTXUc,iPhone Gift Box Immersive Packaging #shorts,2025-01-09 16:45:33+00:00,AK Tech Shorts
xvYBWgSSHn0,Apple vs Samsung ğŸ’€ | By Big TV Knowledge #shorts,2025-01-05 15:05:08+00:00,Big TV knowledge
89h5Tm8T538,"How to make APPLE logo with Cement, iPhone 16 vs Fanta, Mtn Dew, Coca Cola vs Mentos &amp; Popular Sodas",2024-12-26 06:00:06+00:00,Toys King
m5KfokT-PZs,ğŸHow to grow Apple Plants from seeds at homeğŸŒ±#appletree,2024-12-25 14:11:22+00:00,Shafikul Garden
R1VPhCnLWIY,KIDZ BOP Kids - Apple (Official Music Video) [KIDZ BOP 50],2024-12-20 05:00:27+00:00,KIDZBOPMusicVEVO
EFCZCtmSRs4,This Apple AD is Mind Blowing!,2024-12-15 17:34:53+00:00,TechDroider Clips
SCqn8K55ZeY,Santa Gave Her an iPhoneâ€¦ Then THIS Happened! ğŸ…ğŸ“±ğŸ’” #shorts,2024-12-15 11:15:10+00:00,Lola LoL
9Q-l4W0gOgE,I Built a SECRET Apple Store in My Room!,2024-12-13 18:44:29+00:00,Ben Azelart
JOkpXFHhWRQ,"Toddler Learning | Fruits | Apple, Raspberry, Mango | Yakka Dee!",2024-12-13 17:00:20+00:00,Yakka Dee! â€“ Toddler Learning
cZQ0Jarh3IM,Apples and Bananas | Feeding Animals Song +MORE Lalafun Nursery Rhymes &amp; Kids Songs,2024-12-12 09:05:10+00:00,Lalafun - Nursery Rhymes
KfkH9VIccMM,I hope Apple is taking notes...,2024-12-07 15:33:00+00:00,JerryRigEverything
qPpcKALCW54,#tractor #se #apple #chori #tractor #malik #ko #gussa #aya #minitractor #automobile #ytshorts,2024-12-02 12:21:00+00:00,MR CANDY Tv
EvnJhwIwqds,Heartstrings | Apple Holiday | Hearing Aid feature on AirPods Pro 2,2024-11-28 13:30:11+00:00,Apple
qhuGzimrusk,Let&#39;s Try Every APPLE,2024-11-28 05:50:36+00:00,GoldenGully
s95IZyWinIs,APPLE à¸–à¸¶à¸‡à¹€à¸˜à¸­...à¸—à¸µà¹ˆà¸£à¸±à¸ | EP 5.1 [4/4] Eng Sub,2024-11-10 14:07:06+00:00,Kongthup Channel
dBoOmAK0Gfs,&#39;Apple&#39; dance at different speeds! âš¡ï¸â°,2024-11-06 21:29:00+00:00,Mini Pop Kids
BK8bnkcT0Ng,Apple Intelligence | Catch up quick | MacBook Pro,2024-11-04 14:00:11+00:00,Apple
8_QCl82EnWA,iPhone vs Apple Shares - Price Zyada par GROWTH kitni?! | Ankur Warikoo #shorts,2024-11-04 06:37:22+00:00,warikoo
B44j3tKV5qw,"A for Apple | Phonics Song |A for Ant, B for Ball | #abclearningsongs | #nursaryrhymes",2024-11-01 17:50:52+00:00,BABIES RHYMES
kC-ARQENO3A,Samsung vs Apple Fight ! #shorts,2024-10-29 10:39:39+00:00,Gyan Therapy
0na1VOocBGY,"First Words &amp; Gestures | Clapping, Waving, Pointing &amp; Singing | Hop Little Bunnies | Baby Learning",2024-10-28 15:27:17+00:00,Ms Apple ğŸ
2BMuwEQ7mxs,APPLE à¸–à¸¶à¸‡à¹€à¸˜à¸­...à¸—à¸µà¹ˆà¸£à¸±à¸ | EP.3 [4/4] Eng Sub,2024-10-26 17:33:06+00:00,Kongthup Channel
bSexhnV9XAE,APPLE à¸–à¸¶à¸‡à¹€à¸˜à¸­...à¸—à¸µà¹ˆà¸£à¸±à¸ | EP.3 [1/4] Eng Sub,2024-10-26 16:45:06+00:00,Kongthup Channel
jsvWF-nXq5E,Red Apple | Dua Shiwani | New Song 2024 | An Apple A Day Keeps The Doctor Away | Star Play,2024-10-25 15:30:06+00:00,Star Play
8K-IUkxuLzo,Which Apple Watch is Right for YOU in 2025? (ULTIMATE Apple Watch Comparison),2024-10-21 12:00:07+00:00,Pete Matheson
6Q8ugnWU9qc,Samsung roasting iphone ğŸ¥¶#shorts,2024-10-20 15:31:26+00:00,ItsDoom Editz
gpyHAGq9fg4,Cooking 4 Different Colors of Applesï¼Have You Seen White Apple?,2024-10-19 10:00:52+00:00,é¾™æ¢…æ¢…Longmeimei
MjcXm_swB-0,Growing Apple Tree From Seed - 101 Days Time Lapse #amazingtimelapse #garden #apple,2024-10-16 10:00:11+00:00,Amazing Tube
fxvSEpFoam8,Samsung mocking Apple ğŸ˜‚ğŸ’€ #blowup #apple #samsung #edit,2024-10-13 11:08:37+00:00,skullmaxx
26CSt6-Rs9I,APPLE à¸–à¸¶à¸‡à¹€à¸˜à¸­...à¸—à¸µà¹ˆà¸£à¸±à¸ | EP.1 [1/4],2024-10-12 16:45:06+00:00,Kongthup Channel
vuF38F_nMY0,Charli xcx - Apple featuring the japanese house (official audio),2024-10-11 04:00:45+00:00,Charli xcx
2dI9ql8KSH4,iPhone 16 Pro | Camera Control | Apple,2024-10-04 16:03:55+00:00,Apple
V6LqPbmZawM,How to Grow Apple Tree at Home ğŸğŸ Unique Technique of Planting #farming #plants #shorts,2024-10-03 11:30:18+00:00,CheQ Facts
eCVPFyw9GnE,Harvesting Lots of Sweet Apple ğŸğŸ Fruit from Farm ğŸ‘ #shorts #apple #youtubeshorts,2024-09-29 13:02:00+00:00,Satyam green world
Yt3e7X51Pgg,apple watch serie 10,2024-09-24 16:00:35+00:00,Noholito
qWSwsC_zW8k,Apple LIED About The iPhone 16!,2024-09-22 22:34:40+00:00,Matthew Gonzalez
z3WJm8TZlh0,Robot Pacman vs Apple ğŸğŸ“² #pacman #robotpacman,2024-09-20 13:01:10+00:00,StrEat
wPQwfHQimuE,"Green apple, the taste of childhoodâ€”tangy, sweet, refreshing, with a crisp and juicy biteã€æ»‡è¥¿å°å“¥ã€‘",2024-09-19 10:01:04+00:00,æ»‡è¥¿å°å“¥ Dianxi Xiaoge
dBWFVAoNuZU,Apple is starting to #GetTheMessage,2024-09-16 18:31:18+00:00,Android
vy-5CeyOKkQ,"ChatGPT, Show Me an Apple",2024-09-10 12:51:58+00:00,teddywang86
bCqnOn23LWE,Introducing the all-new AirPods 4 | Apple,2024-09-09 19:37:11+00:00,Apple
uarNiSl_uh4,"Apple Event â€” September 9, 2024",2024-09-09 18:47:22+00:00,Apple
qsQjFjqxntI,My Favorite is Red Apple ğŸ| Beautiful Apple fruit &amp; Rural Farmer #shorts #apple #youtubeshorts,2024-09-09 13:01:02+00:00,Satyam green world
K0GujQE6Jqc,ABC Phonics Song - A for Apple + More Learning Videos &amp; Kids Music,2024-09-06 12:04:20+00:00,Bob The Train - Nursery Rhymes & Cartoons for Kids
-xOp8MoZTd0,A - for- apple ğŸğŸ¤­ğŸ˜‚ #shorts #comedy #funny #fun #cutebaby #ytshort #aforapple #viralshort,2024-09-02 12:30:00+00:00,Anup Raj gupta vlog 
vXXvB1UCVQ0,New technique of growing apple tree #apple #apple_grafting #farming #viral #shorts,2024-08-29 12:30:16+00:00,The Planto Facts
2aNdc7gxAXs,Apple vs. Orange! | Going to the Beach | Going to School | A Salamander is Not a Number,2024-08-26 12:30:06+00:00,Scratch Garden
qUv_N8HzWt0,A Is For Apple ğŸ | Fun Alphabet Song for Preschool | Noodle &amp; Pals,2024-08-21 14:00:58+00:00,Noodle & Pals
-sgARxtb3L8,Whatâ€™s Inside This Apple?,2024-08-20 19:00:00+00:00,Vat19
ipe8cfJNt_o,Charli xcx - Apple,2024-08-15 14:08:21+00:00,LatinHype
3YRgspZSt3o,Apple | BNHA | Todoroki Family animatic,2024-08-12 20:00:07+00:00,Piedpiperrr
wqpa1XazpMA,My top 3 favorite iphones of all time #carterpcs #tech #techtok #techfacts #iphone #android #apple,2024-08-11 20:05:36+00:00,CarterPCs
OJ90GDFmshQ,How to make apple jamğŸ˜,2024-08-09 13:37:21+00:00,Little Strawberry Kitchen
4yHYMl9QLBc,ABC Phonics Song | A for Apple | A to Z Nursery Rhymes | Baby Sensory Video for Visual Stimulation,2024-08-07 11:46:00+00:00,Little Hues - Dancing Fruit Baby Sensory
